Timestamp,Vehicle Type,Tracking ID,Plate Number,Confidence
2026-08-30 18:14:16,truck,9,truck,0.87
2026-08-30 18:15:13,car,7,Frtck,0.42
2026-08-30 18:17:56,car,13,ID1Z0,0.41
2026-08-30 18:20:07,1,1,BUS,0.90,NOT DETECTED,0.00,242,401,748,657
2026-08-30 18:20:10,1,2,CAR,0.71,NOT DETECTED,0.00,1166,309,1237,353
2026-08-30 18:20:19,1,3,CAR,0.51,NOT DETECTED,0.00,871,239,905,267
2026-08-30 18:20:22,1,4,CAR,0.45,NOT DETECTED,0.00,1103,282,1158,319
2026-08-30 18:20:24,1,5,BUS,0.44,NOT DETECTED,0.00,732,207,803,263
2026-08-30 18:20:24,1,6,CAR,0.41,NOT DETECTED,0.00,974,245,1002,273
2026-08-30 18:20:37,1,7,CAR,0.26,NOT DETECTED,0.00,885,208,913,232
2026-08-30 18:20:39,1,8,CAR,0.25,NOT DETECTED,0.00,1216,292,1279,332
2026-08-30 18:21:54,1,1,BUS,0.90,NOT DETECTED,0.00,242,401,748,657
2026-08-30 18:21:58,1,2,CAR,0.71,NOT DETECTED,0.00,1166,309,1237,353
2026-08-30 18:22:15,1,3,CAR,0.51,NOT DETECTED,0.00,871,239,905,267
2026-08-30 18:22:18,1,4,CAR,0.45,NOT DETECTED,0.00,1103,282,1158,319
2026-08-30 18:22:21,1,5,BUS,0.44,NOT DETECTED,0.00,732,207,803,263
2026-08-30 18:22:21,1,6,CAR,0.41,NOT DETECTED,0.00,974,245,1002,273
2026-08-30 18:22:38,1,7,CAR,0.26,NOT DETECTED,0.00,885,208,913,232
2026-08-30 18:22:41,1,8,CAR,0.25,NOT DETECTED,0.00,1216,292,1279,332
2026-08-30 18:22:47,2,1,BUS,0.90,NOT DETECTED,0.00,238,401,746,658
2026-08-30 18:22:47,2,2,CAR,0.69,NOT DETECTED,0.00,1167,310,1235,353
2026-08-30 18:22:47,2,3,CAR,0.51,NOT DETECTED,0.00,870,238,906,267
2026-08-30 18:22:47,2,4,CAR,0.44,NOT DETECTED,0.00,1103,282,1158,319
2026-08-30 18:22:47,2,5,BUS,0.37,NOT DETECTED,0.00,733,207,803,263
2026-08-30 18:22:47,2,6,CAR,0.39,NOT DETECTED,0.00,974,246,1002,272
2026-08-30 18:22:47,2,7,CAR,0.27,NOT DETECTED,0.00,885,208,912,232
2026-08-30 18:22:51,3,1,BUS,0.89,NOT DETECTED,0.00,232,401,743,660
2026-08-30 18:22:51,3,2,CAR,0.70,NOT DETECTED,0.00,1167,309,1235,352
2026-08-30 18:22:51,3,3,CAR,0.48,NOT DETECTED,0.00,871,239,905,268
2026-08-30 18:22:51,3,4,CAR,0.54,NOT DETECTED,0.00,1102,281,1158,319
2026-08-30 18:22:51,3,5,BUS,0.37,NOT DETECTED,0.00,733,207,802,263
2026-08-30 18:22:51,3,6,CAR,0.42,NOT DETECTED,0.00,974,246,1002,272
2026-08-30 18:22:51,3,7,CAR,0.27,NOT DETECTED,0.00,885,208,912,232
2026-08-30 18:22:56,4,1,BUS,0.88,NOT DETECTED,0.00,227,402,736,659
2026-08-30 18:22:56,4,2,CAR,0.62,NOT DETECTED,0.00,1166,309,1234,352
2026-08-30 18:22:56,4,3,CAR,0.46,NOT DETECTED,0.00,870,238,906,268
2026-08-30 18:22:56,4,4,CAR,0.30,NOT DETECTED,0.00,1101,280,1158,318
2026-08-30 18:22:56,4,5,BUS,0.35,NOT DETECTED,0.00,733,208,803,263
2026-08-30 18:22:56,4,6,CAR,0.35,NOT DETECTED,0.00,974,245,1002,272
2026-08-30 18:22:56,4,7,CAR,0.27,NOT DETECTED,0.00,885,208,912,232
2026-08-30 18:23:00,5,1,BUS,0.88,NOT DETECTED,0.00,224,402,733,660
2026-08-30 18:23:00,5,2,CAR,0.56,NOT DETECTED,0.00,1166,310,1233,352
2026-08-30 18:23:00,5,3,CAR,0.47,NOT DETECTED,0.00,869,237,906,268
2026-08-30 18:23:00,5,4,CAR,0.28,NOT DETECTED,0.00,1101,281,1156,318
2026-08-30 18:23:00,5,5,BUS,0.32,NOT DETECTED,0.00,734,208,803,263
2026-08-30 18:23:00,5,6,CAR,0.45,NOT DETECTED,0.00,974,245,1002,271
2026-08-30 18:23:00,5,10,CAR,0.31,NOT DETECTED,0.00,825,231,857,256
2026-08-30 18:23:08,6,1,BUS,0.86,NOT DETECTED,0.00,220,403,730,661
2026-08-30 18:23:10,6,2,CAR,0.69,NOT DETECTED,0.00,1165,309,1232,351
2026-08-30 18:23:18,6,3,CAR,0.58,NOT DETECTED,0.00,869,237,906,268
2026-08-30 18:23:18,6,6,CAR,0.35,NOT DETECTED,0.00,974,245,1002,271
2026-08-30 18:23:18,6,10,CAR,0.39,NOT DETECTED,0.00,825,231,857,256
2026-08-30 18:23:29,6,7,CAR,0.27,NOT DETECTED,0.00,885,208,912,232
2026-08-30 18:23:33,7,1,BUS,0.88,NOT DETECTED,0.00,215,404,726,663
2026-08-30 18:23:33,7,2,CAR,0.67,NOT DETECTED,0.00,1164,309,1231,351
2026-08-30 18:23:33,7,3,CAR,0.62,NOT DETECTED,0.00,870,238,906,268
2026-08-30 18:23:33,7,6,CAR,0.39,NOT DETECTED,0.00,974,244,1001,270
2026-08-30 18:23:33,7,10,CAR,0.42,NOT DETECTED,0.00,825,231,858,256
2026-08-30 18:23:33,7,7,CAR,0.27,NOT DETECTED,0.00,885,208,912,232
2026-08-30 18:23:36,8,1,BUS,0.86,NOT DETECTED,0.00,206,407,714,663
2026-08-30 18:23:36,8,2,CAR,0.72,NOT DETECTED,0.00,1164,309,1230,350
2026-08-30 18:23:36,8,3,CAR,0.59,NOT DETECTED,0.00,869,237,906,269
2026-08-30 18:23:36,8,6,CAR,0.33,NOT DETECTED,0.00,974,244,1001,270
2026-08-30 18:23:36,8,10,CAR,0.42,NOT DETECTED,0.00,824,230,858,256
2026-08-30 18:23:36,8,7,CAR,0.28,NOT DETECTED,0.00,885,208,912,232
2026-08-30 18:23:36,8,4,CAR,0.33,NOT DETECTED,0.00,1097,281,1149,316
2026-08-30 18:23:40,8,5,BUS,0.30,NOT DETECTED,0.00,734,209,803,264
2026-08-30 18:23:44,9,1,BUS,0.87,NOT DETECTED,0.00,204,402,722,663
2026-08-30 18:23:44,9,2,CAR,0.69,NOT DETECTED,0.00,1163,309,1229,350
2026-08-30 18:23:44,9,3,CAR,0.58,NOT DETECTED,0.00,870,237,906,269
2026-08-30 18:23:44,9,6,CAR,0.35,NOT DETECTED,0.00,973,242,1002,270
2026-08-30 18:23:44,9,10,CAR,0.41,NOT DETECTED,0.00,824,230,858,256
2026-08-30 18:23:44,9,7,CAR,0.26,NOT DETECTED,0.00,884,209,911,233
2026-08-30 18:23:44,9,5,BUS,0.25,NOT DETECTED,0.00,733,209,803,264
2026-08-30 18:23:48,10,1,BUS,0.87,NOT DETECTED,0.00,202,401,725,663
2026-08-30 18:23:48,10,2,CAR,0.73,NOT DETECTED,0.00,1162,308,1228,349
2026-08-30 18:23:48,10,3,CAR,0.57,NOT DETECTED,0.00,871,239,905,269
2026-08-30 18:23:48,10,6,CAR,0.32,NOT DETECTED,0.00,972,240,1003,269
2026-08-30 18:23:48,10,10,CAR,0.38,NOT DETECTED,0.00,824,230,857,256
2026-08-30 18:23:48,10,7,CAR,0.26,NOT DETECTED,0.00,884,208,912,233
2026-08-30 18:23:48,10,5,BUS,0.28,NOT DETECTED,0.00,733,209,802,265
2026-08-30 18:23:57,11,1,BUS,0.87,NOT DETECTED,0.00,200,401,724,664
2026-08-30 18:24:02,11,2,CAR,0.73,NOT DETECTED,0.00,1160,307,1229,349
2026-08-30 18:24:02,11,3,CAR,0.55,NOT DETECTED,0.00,873,244,903,269
2026-08-30 18:24:02,11,6,CAR,0.35,NOT DETECTED,0.00,972,240,1003,269
2026-08-30 18:24:02,11,10,CAR,0.57,NOT DETECTED,0.00,823,230,856,256
2026-08-30 18:24:21,11,7,CAR,0.29,NOT DETECTED,0.00,884,208,912,233
2026-08-30 18:24:21,11,5,BUS,0.27,NOT DETECTED,0.00,733,209,802,265
2026-08-30 18:24:23,11,8,CAR,0.27,NOT DETECTED,0.00,1208,287,1276,331
2026-08-30 18:24:23,11,4,CAR,0.44,NOT DETECTED,0.00,1095,278,1150,316
2026-08-30 18:24:27,12,1,BUS,0.86,NOT DETECTED,0.00,197,401,720,663
2026-08-30 18:24:27,12,2,CAR,0.72,NOT DETECTED,0.00,1159,305,1230,349
2026-08-30 18:24:27,12,3,CAR,0.51,NOT DETECTED,0.00,875,247,902,270
2026-08-30 18:24:27,12,6,CAR,0.36,NOT DETECTED,0.00,972,240,1003,269
2026-08-30 18:24:27,12,10,CAR,0.53,NOT DETECTED,0.00,823,230,856,257
2026-08-30 18:24:27,12,7,CAR,0.26,NOT DETECTED,0.00,883,209,911,233
2026-08-30 18:24:27,12,5,BUS,0.26,NOT DETECTED,0.00,733,209,802,265
2026-08-30 18:24:27,12,8,CAR,0.31,NOT DETECTED,0.00,1209,288,1276,330
2026-08-30 18:24:27,12,4,CAR,0.36,NOT DETECTED,0.00,1096,278,1150,315
2026-08-30 18:24:32,13,1,BUS,0.87,NOT DETECTED,0.00,192,402,718,663
2026-08-30 18:24:32,13,2,CAR,0.78,NOT DETECTED,0.00,1158,304,1230,349
2026-08-30 18:24:32,13,3,CAR,0.48,NOT DETECTED,0.00,874,247,902,270
2026-08-30 18:24:32,13,10,CAR,0.54,NOT DETECTED,0.00,822,230,856,257
2026-08-30 18:24:32,13,7,CAR,0.26,NOT DETECTED,0.00,883,209,911,233
2026-08-30 18:24:34,13,5,BUS,0.38,NOT DETECTED,0.00,731,208,802,265
2026-08-30 18:24:34,13,8,CAR,0.38,NOT DETECTED,0.00,1209,289,1275,330
2026-08-30 18:24:35,13,4,CAR,0.29,NOT DETECTED,0.00,1097,278,1147,313
2026-08-30 18:24:39,14,1,BUS,0.87,NOT DETECTED,0.00,192,408,703,660
2026-08-30 18:24:39,14,2,CAR,0.74,NOT DETECTED,0.00,1158,304,1229,349
2026-08-30 18:24:39,14,3,CAR,0.50,NOT DETECTED,0.00,872,244,905,270
2026-08-30 18:24:39,14,10,CAR,0.52,NOT DETECTED,0.00,823,231,856,257
2026-08-30 18:24:39,14,5,BUS,0.30,NOT DETECTED,0.00,731,207,802,265
2026-08-30 18:24:39,14,8,CAR,0.31,NOT DETECTED,0.00,1203,283,1277,329
2026-08-30 18:24:46,15,1,BUS,0.88,NOT DETECTED,0.00,175,411,687,660
2026-08-30 18:24:46,15,2,CAR,0.78,NOT DETECTED,0.00,1158,304,1228,348
2026-08-30 18:24:46,15,3,CAR,0.54,NOT DETECTED,0.00,869,239,907,270
2026-08-30 18:24:46,15,10,CAR,0.57,NOT DETECTED,0.00,823,231,856,257
2026-08-30 18:24:46,15,5,BUS,0.38,NOT DETECTED,0.00,730,207,802,264
2026-08-30 18:24:46,15,8,CAR,0.37,NOT DETECTED,0.00,1206,285,1276,329
2026-08-30 18:24:46,15,4,CAR,0.31,NOT DETECTED,0.00,1096,277,1146,312
2026-08-30 18:24:55,16,1,BUS,0.86,NOT DETECTED,0.00,152,412,670,660
2026-08-30 18:25:00,16,2,CAR,0.71,NOT DETECTED,0.00,1157,304,1227,348
2026-08-30 18:25:01,16,3,CAR,0.51,NOT DETECTED,0.00,869,239,907,270
2026-08-30 18:25:01,16,10,CAR,0.56,NOT DETECTED,0.00,823,231,856,257
2026-08-30 18:25:01,16,5,BUS,0.30,NOT DETECTED,0.00,730,207,802,264
2026-08-30 18:25:01,16,4,CAR,0.37,NOT DETECTED,0.00,1095,277,1145,312
2026-08-30 18:25:21,16,7,CAR,0.27,NOT DETECTED,0.00,882,209,911,235
2026-08-30 18:25:27,17,1,BUS,0.86,NOT DETECTED,0.00,156,412,685,663
2026-08-30 18:25:27,17,2,CAR,0.67,NOT DETECTED,0.00,1159,305,1226,347
2026-08-30 18:25:27,17,3,CAR,0.49,NOT DETECTED,0.00,870,240,907,271
2026-08-30 18:25:27,17,10,CAR,0.61,NOT DETECTED,0.00,824,231,856,257
2026-08-30 18:25:27,17,5,BUS,0.31,NOT DETECTED,0.00,731,207,803,265
2026-08-30 18:25:27,17,4,CAR,0.36,NOT DETECTED,0.00,1095,277,1146,312
2026-08-30 18:25:30,17,8,CAR,0.42,NOT DETECTED,0.00,1205,286,1273,327
2026-08-30 18:25:33,18,1,BUS,0.86,NOT DETECTED,0.00,158,412,691,664
2026-08-30 18:25:33,18,2,CAR,0.63,NOT DETECTED,0.00,1159,306,1226,347
2026-08-30 18:25:33,18,3,CAR,0.57,NOT DETECTED,0.00,869,238,907,271
2026-08-30 18:25:33,18,10,CAR,0.60,NOT DETECTED,0.00,824,231,856,258
2026-08-30 18:25:35,18,5,BUS,0.41,NOT DETECTED,0.00,730,207,803,265
2026-08-30 18:25:38,18,4,CAR,0.44,NOT DETECTED,0.00,1095,277,1145,313
2026-08-30 18:25:38,18,6,CAR,0.25,NOT DETECTED,0.00,971,239,1001,268
2026-08-30 18:25:41,19,1,BUS,0.88,NOT DETECTED,0.00,157,413,692,665
2026-08-30 18:25:41,19,2,CAR,0.66,NOT DETECTED,0.00,1158,305,1225,346
2026-08-30 18:25:41,19,3,CAR,0.59,NOT DETECTED,0.00,868,237,908,271
2026-08-30 18:25:41,19,10,CAR,0.61,NOT DETECTED,0.00,824,231,857,258
2026-08-30 18:25:41,19,5,BUS,0.46,NOT DETECTED,0.00,731,207,803,265
2026-08-30 18:25:41,19,4,CAR,0.52,NOT DETECTED,0.00,1094,277,1145,313
2026-08-30 18:25:41,19,17,MOTORCYCLE,0.38,NOT DETECTED,0.00,793,327,812,364
2026-08-30 18:25:41,19,6,CAR,0.31,NOT DETECTED,0.00,971,239,1001,268
2026-08-30 18:25:41,19,8,CAR,0.39,NOT DETECTED,0.00,1204,285,1272,327
2026-08-30 18:25:46,20,1,BUS,0.87,NOT DETECTED,0.00,154,414,691,665
2026-08-30 18:25:46,20,2,CAR,0.69,NOT DETECTED,0.00,1157,304,1224,346
2026-08-30 18:25:46,20,3,CAR,0.68,NOT DETECTED,0.00,868,237,907,271
2026-08-30 18:25:46,20,10,CAR,0.64,NOT DETECTED,0.00,824,232,857,259
2026-08-30 18:25:46,20,5,BUS,0.30,NOT DETECTED,0.00,733,207,806,265
2026-08-30 18:25:46,20,4,CAR,0.55,NOT DETECTED,0.00,1094,277,1145,313
2026-08-30 18:25:46,20,17,MOTORCYCLE,0.39,NOT DETECTED,0.00,794,328,813,365
2026-08-30 18:25:46,20,6,CAR,0.26,NOT DETECTED,0.00,971,238,1001,267
2026-08-30 18:25:46,20,8,CAR,0.38,NOT DETECTED,0.00,1203,285,1271,326
2026-08-30 18:26:00,21,1,BUS,0.86,NOT DETECTED,0.00,153,414,692,666
2026-08-30 18:26:01,21,2,CAR,0.77,NOT DETECTED,0.00,1155,304,1223,346
2026-08-30 18:26:12,21,3,CAR,0.73,NOT DETECTED,0.00,868,237,907,272
2026-08-30 18:26:12,21,10,CAR,0.62,NOT DETECTED,0.00,824,232,857,259
2026-08-30 18:26:12,21,5,BUS,0.26,NOT DETECTED,0.00,733,207,806,265
2026-08-30 18:26:12,21,4,CAR,0.59,NOT DETECTED,0.00,1094,277,1146,313
2026-08-30 18:26:12,21,6,CAR,0.26,NOT DETECTED,0.00,971,239,1000,267
2026-08-30 18:26:12,21,8,CAR,0.39,NOT DETECTED,0.00,1201,285,1270,326
2026-08-30 18:26:17,22,1,BUS,0.87,NOT DETECTED,0.00,148,414,688,666
2026-08-30 18:26:17,22,2,CAR,0.84,NOT DETECTED,0.00,1155,304,1223,346
2026-08-30 18:26:17,22,3,CAR,0.71,NOT DETECTED,0.00,868,237,908,272
2026-08-30 18:26:17,22,10,CAR,0.59,NOT DETECTED,0.00,824,232,857,259
2026-08-30 18:26:17,22,5,BUS,0.26,NOT DETECTED,0.00,734,207,808,265
2026-08-30 18:26:17,22,4,CAR,0.64,NOT DETECTED,0.00,1094,277,1145,313
2026-08-30 18:26:19,22,8,CAR,0.41,NOT DETECTED,0.00,1200,285,1270,326
2026-08-30 18:26:24,23,1,BUS,0.86,NOT DETECTED,0.00,143,415,685,666
2026-08-30 18:26:24,23,2,CAR,0.77,NOT DETECTED,0.00,1154,304,1222,345
2026-08-30 18:26:24,23,3,CAR,0.74,NOT DETECTED,0.00,868,237,907,272
2026-08-30 18:26:24,23,10,CAR,0.58,NOT DETECTED,0.00,824,232,857,259
2026-08-30 18:26:27,23,5,BUS,0.29,NOT DETECTED,0.00,733,207,805,265
2026-08-30 18:26:30,23,4,CAR,0.60,NOT DETECTED,0.00,1094,277,1145,312
2026-08-30 18:26:30,23,8,CAR,0.39,NOT DETECTED,0.00,1200,285,1269,326
2026-08-30 18:26:30,23,21,MOTORCYCLE,0.42,NOT DETECTED,0.00,749,341,776,380
2026-08-30 18:26:32,23,22,CAR,0.33,NOT DETECTED,0.00,1041,263,1083,283
2026-08-30 18:26:32,23,6,CAR,0.27,NOT DETECTED,0.00,972,239,1000,266
2026-08-30 18:26:36,24,1,BUS,0.86,NOT DETECTED,0.00,137,414,686,666
2026-08-30 18:26:36,24,2,CAR,0.77,NOT DETECTED,0.00,1154,304,1222,345
2026-08-30 18:26:36,24,3,CAR,0.75,NOT DETECTED,0.00,868,237,907,273
2026-08-30 18:26:36,24,10,CAR,0.54,NOT DETECTED,0.00,824,232,857,259
2026-08-30 18:26:36,24,5,BUS,0.36,NOT DETECTED,0.00,731,207,803,265
2026-08-30 18:26:36,24,4,CAR,0.41,NOT DETECTED,0.00,1094,277,1144,312
2026-08-30 18:26:36,24,8,CAR,0.40,NOT DETECTED,0.00,1200,284,1269,326
2026-08-30 18:26:36,24,21,MOTORCYCLE,0.45,NOT DETECTED,0.00,751,344,777,382
2026-08-30 18:26:36,24,22,CAR,0.50,NOT DETECTED,0.00,1042,262,1083,283
2026-08-30 18:26:36,24,17,MOTORCYCLE,0.34,NOT DETECTED,0.00,793,329,814,370
2026-08-30 18:26:39,25,1,BUS,0.85,NOT DETECTED,0.00,129,414,682,667
2026-08-30 18:26:39,25,2,CAR,0.76,NOT DETECTED,0.00,1154,304,1222,346
2026-08-30 18:26:39,25,3,CAR,0.73,NOT DETECTED,0.00,868,237,907,273
2026-08-30 18:26:39,25,10,CAR,0.63,NOT DETECTED,0.00,824,232,856,259
2026-08-30 18:26:39,25,5,BUS,0.33,NOT DETECTED,0.00,730,207,802,265
2026-08-30 18:26:39,25,4,CAR,0.32,NOT DETECTED,0.00,1095,277,1143,311
2026-08-30 18:26:39,25,8,CAR,0.37,NOT DETECTED,0.00,1199,283,1269,325
2026-08-30 18:26:39,25,21,MOTORCYCLE,0.45,NOT DETECTED,0.00,753,348,777,383
2026-08-30 18:26:39,25,22,CAR,0.41,NOT DETECTED,0.00,1042,262,1083,283
2026-08-30 18:26:53,26,1,BUS,0.80,NOT DETECTED,0.00,124,414,678,667
2026-08-30 18:26:55,26,2,CAR,0.70,NOT DETECTED,0.00,1153,304,1221,345
2026-08-30 18:26:58,26,3,CAR,0.69,NOT DETECTED,0.00,868,237,907,274
2026-08-30 18:26:58,26,10,CAR,0.54,NOT DETECTED,0.00,824,232,856,259
2026-08-30 18:26:58,26,5,BUS,0.42,NOT DETECTED,0.00,729,207,801,265
2026-08-30 18:26:58,26,4,CAR,0.35,NOT DETECTED,0.00,1097,277,1143,310
2026-08-30 18:26:58,26,8,CAR,0.35,NOT DETECTED,0.00,1205,284,1271,325
2026-08-30 18:26:58,26,21,MOTORCYCLE,0.37,NOT DETECTED,0.00,754,350,778,385
2026-08-30 18:26:58,26,22,CAR,0.42,NOT DETECTED,0.00,1043,262,1082,282
2026-08-30 18:26:58,26,23,MOTORCYCLE,0.35,NOT DETECTED,0.00,865,349,883,382
2026-08-30 18:27:02,27,1,BUS,0.82,NOT DETECTED,0.00,122,415,675,666
2026-08-30 18:27:02,27,2,CAR,0.73,NOT DETECTED,0.00,1153,304,1221,345
2026-08-30 18:27:02,27,3,CAR,0.64,NOT DETECTED,0.00,869,237,907,274
2026-08-30 18:27:02,27,10,CAR,0.55,NOT DETECTED,0.00,824,233,856,259
2026-08-30 18:27:02,27,5,BUS,0.30,NOT DETECTED,0.00,729,207,800,265
2026-08-30 18:27:02,27,4,CAR,0.51,NOT DETECTED,0.00,1098,277,1144,310
2026-08-30 18:27:02,27,8,CAR,0.53,NOT DETECTED,0.00,1210,285,1272,325
2026-08-30 18:27:02,27,21,MOTORCYCLE,0.38,NOT DETECTED,0.00,754,351,779,386
2026-08-30 18:27:02,27,22,CAR,0.50,NOT DETECTED,0.00,1043,262,1082,282
2026-08-30 18:27:02,27,23,MOTORCYCLE,0.36,NOT DETECTED,0.00,867,352,884,383
2026-08-30 18:27:02,27,6,CAR,0.26,NOT DETECTED,0.00,973,241,998,266
2026-08-30 18:27:02,27,17,MOTORCYCLE,0.32,NOT DETECTED,0.00,794,335,814,373
2026-08-30 18:27:06,28,1,BUS,0.70,NOT DETECTED,0.00,118,415,673,666
2026-08-30 18:27:06,28,2,CAR,0.71,NOT DETECTED,0.00,1152,304,1220,345
2026-08-30 18:27:06,28,3,CAR,0.61,NOT DETECTED,0.00,871,240,907,274
2026-08-30 18:27:06,28,10,CAR,0.51,NOT DETECTED,0.00,824,233,855,259
2026-08-30 18:27:08,28,5,BUS,0.26,NOT DETECTED,0.00,729,207,801,266
2026-08-30 18:27:10,28,4,CAR,0.46,NOT DETECTED,0.00,1097,277,1144,311
2026-08-30 18:27:10,28,8,CAR,0.51,NOT DETECTED,0.00,1209,285,1271,325
2026-08-30 18:27:10,28,21,MOTORCYCLE,0.51,NOT DETECTED,0.00,754,350,780,388
2026-08-30 18:27:13,28,22,CAR,0.49,NOT DETECTED,0.00,1042,262,1083,282
2026-08-30 18:27:13,28,23,MOTORCYCLE,0.30,NOT DETECTED,0.00,868,355,884,383
2026-08-30 18:27:13,28,17,MOTORCYCLE,0.32,NOT DETECTED,0.00,795,338,814,374
2026-08-30 18:27:17,29,1,BUS,0.68,NOT DETECTED,0.00,115,415,672,666
2026-08-30 18:27:17,29,2,CAR,0.81,NOT DETECTED,0.00,1151,304,1219,345
2026-08-30 18:27:17,29,3,CAR,0.61,NOT DETECTED,0.00,872,242,906,274
2026-08-30 18:27:17,29,10,CAR,0.51,NOT DETECTED,0.00,824,234,855,259
2026-08-30 18:27:17,29,4,CAR,0.34,NOT DETECTED,0.00,1098,276,1144,311
2026-08-30 18:27:17,29,8,CAR,0.59,NOT DETECTED,0.00,1209,285,1269,324
2026-08-30 18:27:17,29,21,MOTORCYCLE,0.65,NOT DETECTED,0.00,754,350,781,388
2026-08-30 18:27:17,29,22,CAR,0.44,NOT DETECTED,0.00,1043,262,1082,282
2026-08-30 18:27:17,29,17,MOTORCYCLE,0.41,NOT DETECTED,0.00,795,338,814,375
2026-08-30 18:27:21,30,1,BUS,0.64,NOT DETECTED,0.00,112,416,670,667
2026-08-30 18:27:21,30,2,CAR,0.82,NOT DETECTED,0.00,1151,304,1219,344
2026-08-30 18:27:21,30,3,CAR,0.61,NOT DETECTED,0.00,872,243,906,274
2026-08-30 18:27:21,30,10,CAR,0.52,NOT DETECTED,0.00,824,234,855,259
2026-08-30 18:27:21,30,4,CAR,0.45,NOT DETECTED,0.00,1098,275,1144,310
2026-08-30 18:27:21,30,8,CAR,0.55,NOT DETECTED,0.00,1209,285,1268,324
2026-08-30 18:27:21,30,21,MOTORCYCLE,0.60,NOT DETECTED,0.00,754,350,782,389
2026-08-30 18:27:21,30,22,CAR,0.42,NOT DETECTED,0.00,1043,262,1081,281
2026-08-30 18:27:21,30,17,MOTORCYCLE,0.50,NOT DETECTED,0.00,795,338,815,376
2026-08-30 18:27:21,30,6,CAR,0.30,NOT DETECTED,0.00,972,241,998,265
2026-08-30 18:27:21,30,5,BUS,0.31,NOT DETECTED,0.00,729,207,801,267
2026-08-30 18:27:30,31,1,BUS,0.31,NOT DETECTED,0.00,106,416,668,667
2026-08-30 18:27:33,31,2,CAR,0.82,NOT DETECTED,0.00,1150,303,1218,344
2026-08-30 18:27:35,31,3,CAR,0.65,NOT DETECTED,0.00,873,243,906,275
2026-08-30 18:27:35,31,10,CAR,0.52,NOT DETECTED,0.00,824,234,855,259
2026-08-30 18:27:35,31,4,CAR,0.48,NOT DETECTED,0.00,1098,275,1144,310
2026-08-30 18:27:35,31,8,CAR,0.55,NOT DETECTED,0.00,1203,283,1264,324
2026-08-30 18:27:35,31,21,MOTORCYCLE,0.52,NOT DETECTED,0.00,754,350,782,390
2026-08-30 18:27:35,31,22,CAR,0.34,NOT DETECTED,0.00,1043,262,1081,281
2026-08-30 18:27:35,31,17,MOTORCYCLE,0.32,NOT DETECTED,0.00,797,342,815,377
2026-08-30 18:27:35,31,5,BUS,0.34,NOT DETECTED,0.00,729,207,800,267
2026-08-30 18:27:39,32,2,CAR,0.80,NOT DETECTED,0.00,1149,303,1218,344
2026-08-30 18:27:39,32,3,CAR,0.57,NOT DETECTED,0.00,872,243,907,275
2026-08-30 18:27:39,32,10,CAR,0.55,NOT DETECTED,0.00,824,234,855,260
2026-08-30 18:27:39,32,4,CAR,0.58,NOT DETECTED,0.00,1095,274,1143,310
2026-08-30 18:27:41,32,8,CAR,0.54,NOT DETECTED,0.00,1200,283,1262,324
2026-08-30 18:27:41,32,21,MOTORCYCLE,0.50,NOT DETECTED,0.00,754,350,782,390
2026-08-30 18:27:41,32,22,CAR,0.29,NOT DETECTED,0.00,1044,262,1081,281
2026-08-30 18:27:41,32,17,MOTORCYCLE,0.39,NOT DETECTED,0.00,796,338,817,377
2026-08-30 18:27:41,32,5,BUS,0.34,NOT DETECTED,0.00,729,207,800,267
2026-08-30 18:27:45,33,2,CAR,0.73,NOT DETECTED,0.00,1148,302,1217,344
2026-08-30 18:27:45,33,3,CAR,0.53,NOT DETECTED,0.00,872,242,907,275
2026-08-30 18:27:45,33,10,CAR,0.46,NOT DETECTED,0.00,825,234,855,260
2026-08-30 18:27:45,33,4,CAR,0.52,NOT DETECTED,0.00,1093,273,1142,309
2026-08-30 18:27:45,33,8,CAR,0.51,NOT DETECTED,0.00,1200,283,1261,323
2026-08-30 18:27:45,33,21,MOTORCYCLE,0.53,NOT DETECTED,0.00,754,350,782,391
2026-08-30 18:27:45,33,17,MOTORCYCLE,0.49,NOT DETECTED,0.00,797,340,817,379
2026-08-30 18:27:47,33,5,BUS,0.33,NOT DETECTED,0.00,730,207,799,266
2026-08-30 18:27:47,33,6,CAR,0.27,NOT DETECTED,0.00,971,239,999,265
2026-08-30 18:27:51,34,2,CAR,0.70,NOT DETECTED,0.00,1148,302,1216,343
2026-08-30 18:27:51,34,3,CAR,0.59,NOT DETECTED,0.00,872,243,907,275
2026-08-30 18:27:51,34,10,CAR,0.49,NOT DETECTED,0.00,824,234,856,260
2026-08-30 18:27:51,34,4,CAR,0.42,NOT DETECTED,0.00,1091,273,1140,309
2026-08-30 18:27:51,34,8,CAR,0.49,NOT DETECTED,0.00,1198,282,1260,324
2026-08-30 18:27:51,34,21,MOTORCYCLE,0.57,NOT DETECTED,0.00,755,353,783,393
2026-08-30 18:27:51,34,17,MOTORCYCLE,0.58,NOT DETECTED,0.00,797,341,818,380
2026-08-30 18:27:51,34,5,TRUCK,0.32,NOT DETECTED,0.00,729,207,799,267
2026-08-30 18:27:55,35,2,CAR,0.75,NOT DETECTED,0.00,1148,302,1216,343
2026-08-30 18:27:55,35,3,CAR,0.61,NOT DETECTED,0.00,872,243,907,275
2026-08-30 18:27:55,35,10,CAR,0.55,NOT DETECTED,0.00,824,234,855,260
2026-08-30 18:27:55,35,4,CAR,0.39,NOT DETECTED,0.00,1093,273,1140,309
2026-08-30 18:27:55,35,8,CAR,0.47,NOT DETECTED,0.00,1197,282,1259,323
2026-08-30 18:27:55,35,21,MOTORCYCLE,0.53,NOT DETECTED,0.00,755,354,782,394
2026-08-30 18:27:55,35,17,MOTORCYCLE,0.63,NOT DETECTED,0.00,798,342,819,381
2026-08-30 18:27:55,35,5,TRUCK,0.33,NOT DETECTED,0.00,729,207,799,267
2026-08-30 18:28:01,36,2,CAR,0.62,NOT DETECTED,0.00,1148,301,1215,342
2026-08-30 18:28:03,36,3,CAR,0.61,NOT DETECTED,0.00,872,243,907,275
2026-08-30 18:28:03,36,10,CAR,0.53,NOT DETECTED,0.00,824,234,856,261
2026-08-30 18:28:03,36,4,CAR,0.40,NOT DETECTED,0.00,1095,274,1140,308
2026-08-30 18:28:03,36,8,CAR,0.45,NOT DETECTED,0.00,1197,282,1259,323
2026-08-30 18:28:03,36,21,MOTORCYCLE,0.52,NOT DETECTED,0.00,754,355,782,395
2026-08-30 18:28:03,36,17,MOTORCYCLE,0.57,NOT DETECTED,0.00,799,345,819,381
2026-08-30 18:28:03,36,5,BUS,0.34,NOT DETECTED,0.00,729,207,798,267
2026-08-30 18:28:03,36,6,CAR,0.27,NOT DETECTED,0.00,971,238,998,264
2026-08-30 18:28:06,37,2,CAR,0.47,NOT DETECTED,0.00,1148,301,1215,342
2026-08-30 18:28:06,37,3,CAR,0.55,NOT DETECTED,0.00,871,242,908,276
2026-08-30 18:28:06,37,10,CAR,0.49,NOT DETECTED,0.00,824,234,856,261
2026-08-30 18:28:06,37,4,CAR,0.32,NOT DETECTED,0.00,1096,274,1140,308
2026-08-30 18:28:06,37,8,CAR,0.43,NOT DETECTED,0.00,1198,282,1259,322
2026-08-30 18:28:06,37,21,MOTORCYCLE,0.54,NOT DETECTED,0.00,754,356,782,397
2026-08-30 18:28:06,37,17,MOTORCYCLE,0.56,NOT DETECTED,0.00,800,347,819,382
2026-08-30 18:28:06,37,5,BUS,0.33,NOT DETECTED,0.00,730,207,798,266
2026-08-30 18:28:06,37,6,CAR,0.35,NOT DETECTED,0.00,971,238,998,264
2026-08-30 18:28:09,37,1,BUS,0.51,NOT DETECTED,0.00,81,423,636,667
2026-08-30 18:28:09,37,22,CAR,0.29,NOT DETECTED,0.00,1043,261,1081,279
2026-08-30 18:28:13,38,2,CAR,0.51,NOT DETECTED,0.00,1147,301,1214,342
2026-08-30 18:28:13,38,3,CAR,0.54,NOT DETECTED,0.00,871,242,908,276
2026-08-30 18:28:13,38,10,CAR,0.57,NOT DETECTED,0.00,824,234,856,261
2026-08-30 18:28:13,38,4,CAR,0.35,NOT DETECTED,0.00,1095,274,1139,308
2026-08-30 18:28:13,38,8,CAR,0.37,NOT DETECTED,0.00,1199,282,1258,321
2026-08-30 18:28:13,38,21,MOTORCYCLE,0.38,NOT DETECTED,0.00,754,356,782,397
2026-08-30 18:28:13,38,17,MOTORCYCLE,0.48,NOT DETECTED,0.00,800,348,819,383
2026-08-30 18:28:16,38,5,BUS,0.43,NOT DETECTED,0.00,730,207,797,266
2026-08-30 18:28:16,38,6,CAR,0.35,NOT DETECTED,0.00,971,237,998,263
2026-08-30 18:28:16,38,1,BUS,0.57,NOT DETECTED,0.00,71,423,633,668
2026-08-30 18:28:21,39,2,CAR,0.57,NOT DETECTED,0.00,1148,301,1213,341
2026-08-30 18:28:21,39,3,CAR,0.58,NOT DETECTED,0.00,871,242,908,276
2026-08-30 18:28:21,39,10,CAR,0.58,NOT DETECTED,0.00,823,234,856,261
2026-08-30 18:28:21,39,8,CAR,0.46,NOT DETECTED,0.00,1200,282,1257,321
2026-08-30 18:28:21,39,21,MOTORCYCLE,0.49,NOT DETECTED,0.00,754,356,782,398
2026-08-30 18:28:21,39,17,MOTORCYCLE,0.44,NOT DETECTED,0.00,800,348,821,384
2026-08-30 18:28:21,39,5,BUS,0.43,NOT DETECTED,0.00,730,207,796,265
2026-08-30 18:28:21,39,6,CAR,0.32,NOT DETECTED,0.00,971,237,998,263
2026-08-30 18:28:21,39,1,BUS,0.53,NOT DETECTED,0.00,64,425,629,668
2026-08-30 18:28:25,40,2,CAR,0.59,NOT DETECTED,0.00,1148,301,1213,341
2026-08-30 18:28:25,40,3,CAR,0.58,NOT DETECTED,0.00,872,242,909,276
2026-08-30 18:28:25,40,10,CAR,0.56,NOT DETECTED,0.00,823,234,856,262
2026-08-30 18:28:25,40,8,CAR,0.55,NOT DETECTED,0.00,1200,282,1256,321
2026-08-30 18:28:25,40,21,MOTORCYCLE,0.41,NOT DETECTED,0.00,754,355,783,400
2026-08-30 18:28:25,40,17,MOTORCYCLE,0.45,NOT DETECTED,0.00,800,347,821,385
2026-08-30 18:28:25,40,5,BUS,0.56,NOT DETECTED,0.00,729,207,797,267
2026-08-30 18:28:25,40,6,CAR,0.27,NOT DETECTED,0.00,971,238,998,263
2026-08-30 18:28:25,40,1,BUS,0.58,NOT DETECTED,0.00,58,426,626,667
2026-08-30 18:28:25,40,4,CAR,0.34,NOT DETECTED,0.00,1089,273,1136,308
2026-08-30 18:28:32,41,2,CAR,0.66,NOT DETECTED,0.00,1147,301,1211,340
2026-08-30 18:28:34,41,3,CAR,0.58,NOT DETECTED,0.00,871,241,909,276
2026-08-30 18:28:34,41,10,CAR,0.56,NOT DETECTED,0.00,823,234,856,262
2026-08-30 18:28:34,41,8,CAR,0.51,NOT DETECTED,0.00,1199,282,1255,321
2026-08-30 18:28:34,41,21,MOTORCYCLE,0.39,NOT DETECTED,0.00,755,359,782,401
2026-08-30 18:28:34,41,17,MOTORCYCLE,0.37,NOT DETECTED,0.00,800,345,823,386
2026-08-30 18:28:34,41,5,BUS,0.43,NOT DETECTED,0.00,729,207,797,268
2026-08-30 18:28:34,41,1,BUS,0.58,NOT DETECTED,0.00,52,427,623,667
2026-08-30 18:28:34,41,4,CAR,0.32,NOT DETECTED,0.00,1087,272,1136,308
2026-08-30 18:28:39,42,2,CAR,0.68,NOT DETECTED,0.00,1146,302,1210,340
2026-08-30 18:28:39,42,3,CAR,0.59,NOT DETECTED,0.00,872,243,908,277
2026-08-30 18:28:39,42,10,CAR,0.57,NOT DETECTED,0.00,823,234,856,262
2026-08-30 18:28:39,42,8,CAR,0.59,NOT DETECTED,0.00,1198,282,1253,320
2026-08-30 18:28:39,42,21,MOTORCYCLE,0.49,NOT DETECTED,0.00,755,359,782,402
2026-08-30 18:28:39,42,17,MOTORCYCLE,0.30,NOT DETECTED,0.00,801,350,823,388
2026-08-30 18:28:39,42,5,BUS,0.39,NOT DETECTED,0.00,729,207,797,268
2026-08-30 18:28:44,42,1,BUS,0.72,NOT DETECTED,0.00,36,426,621,669
2026-08-30 18:28:44,42,4,CAR,0.51,NOT DETECTED,0.00,1086,272,1135,309
2026-08-30 18:28:48,43,2,CAR,0.66,NOT DETECTED,0.00,1145,302,1209,340
2026-08-30 18:28:48,43,3,CAR,0.56,NOT DETECTED,0.00,872,244,908,277
2026-08-30 18:28:48,43,10,CAR,0.57,NOT DETECTED,0.00,824,234,857,263
2026-08-30 18:28:48,43,8,CAR,0.62,NOT DETECTED,0.00,1198,282,1252,320
2026-08-30 18:28:48,43,21,MOTORCYCLE,0.54,NOT DETECTED,0.00,755,359,783,404
2026-08-30 18:28:48,43,17,MOTORCYCLE,0.35,NOT DETECTED,0.00,802,353,823,389
2026-08-30 18:28:50,43,5,BUS,0.39,NOT DETECTED,0.00,736,206,806,269
2026-08-30 18:28:50,43,1,BUS,0.67,NOT DETECTED,0.00,32,425,621,668
2026-08-30 18:28:50,43,4,CAR,0.51,NOT DETECTED,0.00,1085,272,1135,309
2026-08-30 18:28:54,44,2,CAR,0.72,NOT DETECTED,0.00,1144,302,1209,340
2026-08-30 18:28:54,44,3,CAR,0.51,NOT DETECTED,0.00,873,246,908,278
2026-08-30 18:28:54,44,10,CAR,0.59,NOT DETECTED,0.00,824,235,857,263
2026-08-30 18:28:54,44,8,CAR,0.67,NOT DETECTED,0.00,1199,282,1252,320
2026-08-30 18:28:54,44,21,MOTORCYCLE,0.50,NOT DETECTED,0.00,756,359,784,405
2026-08-30 18:28:54,44,17,MOTORCYCLE,0.44,NOT DETECTED,0.00,803,354,824,390
2026-08-30 18:28:54,44,5,BUS,0.45,NOT DETECTED,0.00,737,206,811,269
2026-08-30 18:28:54,44,1,BUS,0.61,NOT DETECTED,0.00,27,426,620,668
2026-08-30 18:28:54,44,4,CAR,0.57,NOT DETECTED,0.00,1084,272,1135,309
2026-08-30 18:28:57,45,2,CAR,0.63,NOT DETECTED,0.00,1144,301,1209,340
2026-08-30 18:28:57,45,3,CAR,0.50,NOT DETECTED,0.00,873,246,908,278
2026-08-30 18:28:57,45,10,CAR,0.52,NOT DETECTED,0.00,824,236,856,263
2026-08-30 18:28:57,45,8,CAR,0.64,NOT DETECTED,0.00,1198,283,1250,319
2026-08-30 18:28:57,45,21,MOTORCYCLE,0.39,NOT DETECTED,0.00,756,359,784,405
2026-08-30 18:28:57,45,17,MOTORCYCLE,0.41,NOT DETECTED,0.00,804,356,824,392
2026-08-30 18:28:57,45,5,BUS,0.33,NOT DETECTED,0.00,737,206,812,270
2026-08-30 18:28:57,45,1,BUS,0.44,NOT DETECTED,0.00,21,425,620,669
2026-08-30 18:28:57,45,4,CAR,0.58,NOT DETECTED,0.00,1083,272,1134,309
2026-08-30 18:29:03,46,2,CAR,0.57,NOT DETECTED,0.00,1144,301,1210,340
2026-08-30 18:29:06,46,3,CAR,0.47,NOT DETECTED,0.00,873,247,908,279
2026-08-30 18:29:06,46,10,CAR,0.49,NOT DETECTED,0.00,825,237,856,263
2026-08-30 18:29:06,46,8,CAR,0.64,NOT DETECTED,0.00,1198,282,1250,319
2026-08-30 18:29:06,46,21,MOTORCYCLE,0.28,NOT DETECTED,0.00,757,361,785,407
2026-08-30 18:29:06,46,17,MOTORCYCLE,0.35,NOT DETECTED,0.00,805,360,824,393
2026-08-30 18:29:06,46,5,BUS,0.48,NOT DETECTED,0.00,730,207,803,270
2026-08-30 18:29:06,46,1,BUS,0.31,NOT DETECTED,0.00,18,426,619,669
2026-08-30 18:29:06,46,4,CAR,0.46,NOT DETECTED,0.00,1082,272,1133,309
2026-08-30 18:29:10,47,2,CAR,0.53,NOT DETECTED,0.00,1144,302,1207,339
2026-08-30 18:29:10,47,3,CAR,0.48,NOT DETECTED,0.00,872,247,908,279
2026-08-30 18:29:10,47,10,CAR,0.51,NOT DETECTED,0.00,824,237,856,263
2026-08-30 18:29:10,47,8,CAR,0.70,NOT DETECTED,0.00,1198,282,1250,319
2026-08-30 18:29:10,47,17,MOTORCYCLE,0.32,NOT DETECTED,0.00,805,361,825,394
2026-08-30 18:29:10,47,5,BUS,0.50,NOT DETECTED,0.00,727,207,799,271
2026-08-30 18:29:13,47,1,BUS,0.38,NOT DETECTED,0.00,16,427,618,669
2026-08-30 18:29:13,47,4,CAR,0.47,NOT DETECTED,0.00,1081,272,1133,309
2026-08-30 18:29:16,48,2,CAR,0.47,NOT DETECTED,0.00,1145,303,1207,339
2026-08-30 18:29:16,48,3,CAR,0.49,NOT DETECTED,0.00,872,247,908,279
2026-08-30 18:29:16,48,10,CAR,0.52,NOT DETECTED,0.00,824,237,856,263
2026-08-30 18:29:16,48,8,CAR,0.78,NOT DETECTED,0.00,1197,281,1249,319
2026-08-30 18:29:18,48,5,BUS,0.45,NOT DETECTED,0.00,726,207,798,271
2026-08-30 18:29:18,48,1,BUS,0.69,NOT DETECTED,0.00,14,428,616,668
2026-08-30 18:29:18,48,4,CAR,0.45,NOT DETECTED,0.00,1080,272,1132,309
2026-08-30 18:29:23,49,2,CAR,0.56,NOT DETECTED,0.00,1143,303,1206,338
2026-08-30 18:29:23,49,3,CAR,0.43,NOT DETECTED,0.00,872,247,908,279
2026-08-30 18:29:23,49,10,CAR,0.51,NOT DETECTED,0.00,824,237,856,264
2026-08-30 18:29:23,49,8,CAR,0.76,NOT DETECTED,0.00,1196,281,1248,319
2026-08-30 18:29:23,49,5,BUS,0.44,NOT DETECTED,0.00,726,207,797,271
2026-08-30 18:29:23,49,1,BUS,0.60,NOT DETECTED,0.00,12,428,615,668
2026-08-30 18:29:23,49,4,CAR,0.40,NOT DETECTED,0.00,1080,272,1130,308
2026-08-30 18:29:23,49,34,MOTORCYCLE,0.39,NOT DETECTED,0.00,880,379,902,413
2026-08-30 18:29:27,50,2,CAR,0.58,NOT DETECTED,0.00,1143,302,1205,338
2026-08-30 18:29:27,50,3,CAR,0.47,NOT DETECTED,0.00,872,247,908,279
2026-08-30 18:29:27,50,10,CAR,0.50,NOT DETECTED,0.00,824,237,856,264
2026-08-30 18:29:27,50,8,CAR,0.71,NOT DETECTED,0.00,1196,281,1247,319
2026-08-30 18:29:27,50,5,BUS,0.48,NOT DETECTED,0.00,727,207,797,272
2026-08-30 18:29:27,50,1,BUS,0.68,NOT DETECTED,0.00,10,429,612,668
2026-08-30 18:29:27,50,4,CAR,0.40,NOT DETECTED,0.00,1079,272,1130,308
2026-08-30 18:29:27,50,34,MOTORCYCLE,0.41,NOT DETECTED,0.00,881,380,903,414
2026-08-30 18:29:35,51,2,CAR,0.66,NOT DETECTED,0.00,1141,300,1207,338
2026-08-30 18:29:37,51,3,CAR,0.49,NOT DETECTED,0.00,873,248,908,279
2026-08-30 18:29:37,51,10,CAR,0.51,NOT DETECTED,0.00,823,237,856,264
2026-08-30 18:29:37,51,8,CAR,0.63,NOT DETECTED,0.00,1195,280,1246,319
2026-08-30 18:29:37,51,5,BUS,0.40,NOT DETECTED,0.00,727,207,796,271
2026-08-30 18:29:37,51,1,BUS,0.75,NOT DETECTED,0.00,9,430,610,668
2026-08-30 18:29:37,51,4,CAR,0.42,NOT DETECTED,0.00,1078,272,1130,308
2026-08-30 18:29:37,51,34,MOTORCYCLE,0.36,NOT DETECTED,0.00,881,381,903,414
2026-08-30 18:29:37,51,17,MOTORCYCLE,0.38,NOT DETECTED,0.00,806,360,829,399
2026-08-30 18:29:41,52,2,CAR,0.68,NOT DETECTED,0.00,1143,302,1206,338
2026-08-30 18:29:41,52,3,CAR,0.46,NOT DETECTED,0.00,873,249,908,279
2026-08-30 18:29:41,52,10,CAR,0.52,NOT DETECTED,0.00,823,237,856,264
2026-08-30 18:29:41,52,8,CAR,0.65,NOT DETECTED,0.00,1195,280,1246,319
2026-08-30 18:29:41,52,5,BUS,0.37,NOT DETECTED,0.00,728,207,797,271
2026-08-30 18:29:47,52,1,BUS,0.74,NOT DETECTED,0.00,9,432,610,669
2026-08-30 18:29:47,52,4,CAR,0.46,NOT DETECTED,0.00,1078,272,1129,308
2026-08-30 18:29:47,52,34,MOTORCYCLE,0.27,NOT DETECTED,0.00,884,384,904,415
2026-08-30 18:29:47,52,17,MOTORCYCLE,0.38,NOT DETECTED,0.00,807,362,829,400
2026-08-30 18:29:47,52,21,MOTORCYCLE,0.38,NOT DETECTED,0.00,761,379,785,417
2026-08-30 18:29:50,53,2,CAR,0.59,NOT DETECTED,0.00,1145,305,1204,338
2026-08-30 18:29:50,53,3,CAR,0.51,NOT DETECTED,0.00,873,249,908,279
2026-08-30 18:29:50,53,10,CAR,0.58,NOT DETECTED,0.00,823,236,857,265
2026-08-30 18:29:50,53,8,CAR,0.67,NOT DETECTED,0.00,1195,280,1245,318
2026-08-30 18:29:53,53,5,BUS,0.39,NOT DETECTED,0.00,728,207,796,272
2026-08-30 18:29:53,53,1,BUS,0.74,NOT DETECTED,0.00,7,433,609,670
2026-08-30 18:29:55,53,4,CAR,0.54,NOT DETECTED,0.00,1077,272,1129,308
2026-08-30 18:29:55,53,17,MOTORCYCLE,0.49,NOT DETECTED,0.00,807,361,831,402
2026-08-30 18:29:55,53,39,CAR,0.37,NOT DETECTED,0.00,1267,348,1279,391
2026-08-30 18:29:55,53,21,MOTORCYCLE,0.41,NOT DETECTED,0.00,761,378,787,419
2026-08-30 18:29:59,54,2,CAR,0.50,NOT DETECTED,0.00,1146,306,1203,338
2026-08-30 18:29:59,54,3,CAR,0.47,NOT DETECTED,0.00,873,248,908,279
2026-08-30 18:29:59,54,10,CAR,0.55,NOT DETECTED,0.00,823,237,856,265
2026-08-30 18:29:59,54,8,CAR,0.68,NOT DETECTED,0.00,1196,281,1244,318
2026-08-30 18:29:59,54,5,BUS,0.39,NOT DETECTED,0.00,728,207,795,272
2026-08-30 18:29:59,54,1,BUS,0.82,NOT DETECTED,0.00,0,424,625,675
2026-08-30 18:29:59,54,4,CAR,0.53,NOT DETECTED,0.00,1077,272,1128,308
2026-08-30 18:29:59,54,17,MOTORCYCLE,0.56,NOT DETECTED,0.00,809,364,831,403
2026-08-30 18:29:59,54,39,CAR,0.43,NOT DETECTED,0.00,1266,346,1279,391
2026-08-30 18:29:59,54,21,MOTORCYCLE,0.42,NOT DETECTED,0.00,761,378,787,420
2026-08-30 18:30:03,55,2,CAR,0.51,NOT DETECTED,0.00,1147,307,1202,338
2026-08-30 18:30:03,55,3,CAR,0.49,NOT DETECTED,0.00,873,249,908,280
2026-08-30 18:30:03,55,10,CAR,0.50,NOT DETECTED,0.00,823,237,856,265
2026-08-30 18:30:03,55,8,CAR,0.73,NOT DETECTED,0.00,1196,281,1243,318
2026-08-30 18:30:03,55,5,BUS,0.34,NOT DETECTED,0.00,730,207,798,272
2026-08-30 18:30:03,55,1,BUS,0.70,NOT DETECTED,0.00,0,419,633,676
2026-08-30 18:30:03,55,4,CAR,0.53,NOT DETECTED,0.00,1077,272,1128,307
2026-08-30 18:30:03,55,17,MOTORCYCLE,0.55,NOT DETECTED,0.00,809,367,831,404
2026-08-30 18:30:03,55,39,CAR,0.46,NOT DETECTED,0.00,1266,346,1279,390
2026-08-30 18:30:03,55,21,MOTORCYCLE,0.51,NOT DETECTED,0.00,762,378,790,422
2026-08-30 18:30:03,55,40,MOTORCYCLE,0.37,NOT DETECTED,0.00,849,346,866,378
2026-08-30 18:30:09,56,2,CAR,0.49,NOT DETECTED,0.00,1144,305,1203,337
2026-08-30 18:30:12,56,3,CAR,0.50,NOT DETECTED,0.00,872,249,909,280
2026-08-30 18:30:12,56,10,CAR,0.46,NOT DETECTED,0.00,823,238,856,265
2026-08-30 18:30:12,56,8,CAR,0.66,NOT DETECTED,0.00,1196,281,1242,317
2026-08-30 18:30:12,56,5,BUS,0.29,NOT DETECTED,0.00,734,206,804,271
2026-08-30 18:30:12,56,1,BUS,0.65,NOT DETECTED,0.00,0,417,640,677
2026-08-30 18:30:12,56,4,CAR,0.45,NOT DETECTED,0.00,1077,272,1128,307
2026-08-30 18:30:12,56,17,MOTORCYCLE,0.48,NOT DETECTED,0.00,810,369,831,406
2026-08-30 18:30:12,56,39,CAR,0.39,NOT DETECTED,0.00,1266,346,1278,389
2026-08-30 18:30:12,56,21,MOTORCYCLE,0.45,NOT DETECTED,0.00,763,380,791,423
2026-08-30 18:30:12,56,40,MOTORCYCLE,0.44,NOT DETECTED,0.00,850,347,867,379
2026-08-30 18:30:12,56,43,CAR,0.34,NOT DETECTED,0.00,785,223,819,251
2026-08-30 18:30:16,57,2,CAR,0.49,NOT DETECTED,0.00,1143,304,1203,337
2026-08-30 18:30:16,57,3,CAR,0.50,NOT DETECTED,0.00,872,249,909,281
2026-08-30 18:30:16,57,10,CAR,0.52,NOT DETECTED,0.00,824,238,855,265
2026-08-30 18:30:33,57,8,CAR,0.63,NOT DETECTED,0.00,1196,281,1242,317
2026-08-30 18:30:33,57,5,BUS,0.34,NOT DETECTED,0.00,737,206,807,270
2026-08-30 18:30:40,57,1,BUS,0.61,NOT DETECTED,0.00,0,426,617,674
2026-08-30 18:30:40,57,4,CAR,0.40,NOT DETECTED,0.00,1076,271,1127,306
2026-08-30 18:30:40,57,17,MOTORCYCLE,0.52,NOT DETECTED,0.00,809,367,832,406
2026-08-30 18:30:40,57,39,CAR,0.46,NOT DETECTED,0.00,1266,346,1278,388
2026-08-30 18:30:40,57,21,MOTORCYCLE,0.33,NOT DETECTED,0.00,763,381,792,425
2026-08-30 18:30:40,57,40,MOTORCYCLE,0.50,NOT DETECTED,0.00,851,349,867,380
2026-08-30 18:30:40,57,43,CAR,0.33,NOT DETECTED,0.00,785,223,819,252
2026-08-30 18:30:40,57,34,MOTORCYCLE,0.32,NOT DETECTED,0.00,887,389,909,422
2026-08-30 18:30:44,58,2,CAR,0.49,NOT DETECTED,0.00,1140,300,1205,337
2026-08-30 18:30:44,58,3,CAR,0.57,NOT DETECTED,0.00,872,249,909,281
2026-08-30 18:30:44,58,10,CAR,0.50,NOT DETECTED,0.00,824,239,855,265
2026-08-30 18:30:44,58,8,CAR,0.65,NOT DETECTED,0.00,1196,281,1241,317
2026-08-30 18:30:47,58,5,BUS,0.30,NOT DETECTED,0.00,739,206,808,267
2026-08-30 18:30:47,58,1,BUS,0.69,NOT DETECTED,0.00,0,432,605,674
2026-08-30 18:30:47,58,17,MOTORCYCLE,0.48,NOT DETECTED,0.00,809,369,832,408
2026-08-30 18:30:47,58,39,CAR,0.52,NOT DETECTED,0.00,1265,346,1277,388
2026-08-30 18:30:47,58,21,MOTORCYCLE,0.35,NOT DETECTED,0.00,762,382,792,426
2026-08-30 18:30:47,58,43,CAR,0.28,NOT DETECTED,0.00,785,223,819,252
2026-08-30 18:30:47,58,34,MOTORCYCLE,0.33,NOT DETECTED,0.00,889,391,911,424
2026-08-30 18:30:49,59,2,CAR,0.51,NOT DETECTED,0.00,1139,299,1205,337
2026-08-30 18:30:49,59,3,CAR,0.55,NOT DETECTED,0.00,872,249,909,282
2026-08-30 18:30:50,59,10,CAR,0.58,NOT DETECTED,0.00,824,238,856,266
2026-08-30 18:30:50,59,8,CAR,0.63,NOT DETECTED,0.00,1196,281,1240,317
2026-08-30 18:30:50,59,1,BUS,0.67,NOT DETECTED,0.00,0,434,598,674
2026-08-30 18:30:50,59,17,MOTORCYCLE,0.56,NOT DETECTED,0.00,811,374,832,410
2026-08-30 18:30:50,59,39,CAR,0.51,NOT DETECTED,0.00,1265,347,1277,387
2026-08-30 18:30:50,59,21,MOTORCYCLE,0.35,NOT DETECTED,0.00,762,384,791,427
2026-08-30 18:30:50,59,45,CAR,0.33,NOT DETECTED,0.00,1249,283,1278,316
2026-08-30 18:30:50,59,40,MOTORCYCLE,0.35,NOT DETECTED,0.00,851,348,869,382
2026-08-30 18:30:54,60,2,CAR,0.55,NOT DETECTED,0.00,1139,299,1205,337
2026-08-30 18:30:54,60,3,CAR,0.50,NOT DETECTED,0.00,872,250,910,282
2026-08-30 18:30:54,60,10,CAR,0.61,NOT DETECTED,0.00,823,238,856,266
2026-08-30 18:30:54,60,8,CAR,0.62,NOT DETECTED,0.00,1196,282,1239,317
2026-08-30 18:30:54,60,1,BUS,0.70,NOT DETECTED,0.00,0,435,593,673
2026-08-30 18:30:54,60,17,MOTORCYCLE,0.52,NOT DETECTED,0.00,812,377,833,411
2026-08-30 18:30:54,60,39,CAR,0.46,NOT DETECTED,0.00,1264,347,1277,387
2026-08-30 18:30:54,60,21,MOTORCYCLE,0.38,NOT DETECTED,0.00,763,385,791,428
2026-08-30 18:30:54,60,45,CAR,0.26,NOT DETECTED,0.00,1248,282,1278,315
2026-08-30 18:31:01,61,2,CAR,0.45,NOT DETECTED,0.00,1138,298,1204,336
2026-08-30 18:31:18,61,3,CAR,0.46,NOT DETECTED,0.00,872,250,910,282
2026-08-30 18:31:18,61,10,CAR,0.60,NOT DETECTED,0.00,823,238,855,266
2026-08-30 18:31:18,61,8,CAR,0.59,NOT DETECTED,0.00,1195,281,1238,316
2026-08-30 18:31:18,61,1,BUS,0.67,NOT DETECTED,0.00,0,428,607,674
2026-08-30 18:31:18,61,17,MOTORCYCLE,0.43,NOT DETECTED,0.00,812,378,833,413
2026-08-30 18:31:18,61,39,CAR,0.41,NOT DETECTED,0.00,1264,346,1277,387
2026-08-30 18:31:18,61,21,MOTORCYCLE,0.40,NOT DETECTED,0.00,763,387,792,430
2026-08-30 18:31:18,61,45,CAR,0.31,NOT DETECTED,0.00,1248,282,1278,315
2026-08-30 18:31:18,61,34,MOTORCYCLE,0.33,NOT DETECTED,0.00,888,391,912,427
2026-08-30 18:31:21,62,2,CAR,0.49,NOT DETECTED,0.00,1135,296,1204,336
2026-08-30 18:31:21,62,3,CAR,0.49,NOT DETECTED,0.00,873,251,911,283
2026-08-30 18:31:21,62,10,CAR,0.60,NOT DETECTED,0.00,823,238,856,266
2026-08-30 18:31:21,62,8,CAR,0.46,NOT DETECTED,0.00,1195,281,1237,316
2026-08-30 18:31:43,62,1,BUS,0.70,NOT DETECTED,0.00,0,426,610,674
2026-08-30 18:31:43,62,17,MOTORCYCLE,0.46,NOT DETECTED,0.00,812,377,835,414
2026-08-30 18:31:43,62,39,CAR,0.31,NOT DETECTED,0.00,1263,345,1277,387
2026-08-30 18:31:43,62,21,MOTORCYCLE,0.40,NOT DETECTED,0.00,763,389,791,432
2026-08-30 18:31:43,62,45,CAR,0.29,NOT DETECTED,0.00,1248,282,1277,315
2026-08-30 18:31:45,62,34,MOTORCYCLE,0.39,NOT DETECTED,0.00,885,391,911,429
2026-08-30 18:31:49,63,2,CAR,0.43,NOT DETECTED,0.00,1134,295,1204,336
2026-08-30 18:31:49,63,3,CAR,0.44,NOT DETECTED,0.00,874,252,911,284
2026-08-30 18:31:49,63,10,CAR,0.57,NOT DETECTED,0.00,824,238,856,266
2026-08-30 18:31:49,63,8,CAR,0.42,NOT DETECTED,0.00,1194,280,1237,315
2026-08-30 18:31:49,63,1,BUS,0.61,NOT DETECTED,0.00,0,426,621,676
2026-08-30 18:31:49,63,17,MOTORCYCLE,0.38,NOT DETECTED,0.00,812,377,836,416
2026-08-30 18:31:49,63,39,CAR,0.34,NOT DETECTED,0.00,1262,344,1277,386
2026-08-30 18:31:49,63,21,MOTORCYCLE,0.36,NOT DETECTED,0.00,765,393,791,433
2026-08-30 18:31:49,63,45,CAR,0.30,NOT DETECTED,0.00,1248,282,1278,315
2026-08-30 18:31:49,63,34,MOTORCYCLE,0.36,NOT DETECTED,0.00,887,393,913,430
2026-08-30 18:31:54,64,2,CAR,0.58,NOT DETECTED,0.00,1135,294,1204,335
2026-08-30 18:31:54,64,3,CAR,0.44,NOT DETECTED,0.00,873,251,911,283
2026-08-30 18:31:54,64,10,CAR,0.59,NOT DETECTED,0.00,824,238,856,266
2026-08-30 18:31:54,64,8,CAR,0.54,NOT DETECTED,0.00,1194,279,1236,315
2026-08-30 18:31:54,64,1,BUS,0.67,NOT DETECTED,0.00,0,425,611,675
2026-08-30 18:31:54,64,17,MOTORCYCLE,0.34,NOT DETECTED,0.00,813,378,837,417
2026-08-30 18:31:54,64,39,CAR,0.48,NOT DETECTED,0.00,1262,343,1277,386
2026-08-30 18:31:54,64,21,MOTORCYCLE,0.32,NOT DETECTED,0.00,766,396,791,435
2026-08-30 18:31:54,64,45,CAR,0.26,NOT DETECTED,0.00,1247,279,1278,314
2026-08-30 18:31:54,64,34,MOTORCYCLE,0.31,NOT DETECTED,0.00,890,395,915,432
2026-08-30 18:31:59,65,2,CAR,0.67,NOT DETECTED,0.00,1133,294,1202,335
2026-08-30 18:31:59,65,3,CAR,0.39,NOT DETECTED,0.00,873,251,911,283
2026-08-30 18:31:59,65,10,CAR,0.59,NOT DETECTED,0.00,824,239,856,267
2026-08-30 18:31:59,65,8,CAR,0.52,NOT DETECTED,0.00,1194,279,1235,315
2026-08-30 18:31:59,65,1,BUS,0.53,NOT DETECTED,0.00,2,429,615,676
2026-08-30 18:31:59,65,17,MOTORCYCLE,0.52,NOT DETECTED,0.00,814,379,837,418
2026-08-30 18:31:59,65,39,CAR,0.39,NOT DETECTED,0.00,1261,341,1277,386
2026-08-30 18:31:59,65,21,MOTORCYCLE,0.44,NOT DETECTED,0.00,766,396,792,436
2026-08-30 18:31:59,65,45,CAR,0.36,NOT DETECTED,0.00,1246,279,1278,313
2026-08-30 18:31:59,65,4,CAR,0.35,NOT DETECTED,0.00,1077,269,1127,305
2026-08-30 18:32:02,65,5,BUS,0.46,NOT DETECTED,0.00,736,205,815,274
2026-08-30 18:32:02,65,40,MOTORCYCLE,0.39,NOT DETECTED,0.00,855,357,872,388
2026-08-30 18:32:05,66,2,CAR,0.65,NOT DETECTED,0.00,1134,295,1201,335
2026-08-30 18:32:08,66,3,CAR,0.39,NOT DETECTED,0.00,873,251,912,284
2026-08-30 18:32:08,66,10,CAR,0.57,NOT DETECTED,0.00,824,239,856,267
2026-08-30 18:32:08,66,8,CAR,0.59,NOT DETECTED,0.00,1194,280,1235,315
2026-08-30 18:32:08,66,1,BUS,0.61,NOT DETECTED,0.00,0,430,612,677
2026-08-30 18:32:08,66,17,MOTORCYCLE,0.55,NOT DETECTED,0.00,813,378,838,418
2026-08-30 18:32:08,66,39,CAR,0.47,NOT DETECTED,0.00,1260,341,1277,386
2026-08-30 18:32:08,66,21,MOTORCYCLE,0.42,NOT DETECTED,0.00,764,392,794,438
2026-08-30 18:32:08,66,45,CAR,0.35,NOT DETECTED,0.00,1245,276,1279,314
2026-08-30 18:32:08,66,5,BUS,0.48,NOT DETECTED,0.00,734,205,816,274
2026-08-30 18:32:08,66,40,MOTORCYCLE,0.31,NOT DETECTED,0.00,856,358,873,389
2026-08-30 18:32:13,67,2,CAR,0.73,NOT DETECTED,0.00,1134,294,1202,334
2026-08-30 18:32:13,67,3,CAR,0.37,NOT DETECTED,0.00,873,252,912,284
2026-08-30 18:32:13,67,10,CAR,0.58,NOT DETECTED,0.00,824,240,856,267
2026-08-30 18:32:13,67,8,CAR,0.56,NOT DETECTED,0.00,1194,279,1234,315
2026-08-30 18:32:18,67,1,BUS,0.49,NOT DETECTED,0.00,12,432,639,683
2026-08-30 18:32:18,67,17,MOTORCYCLE,0.45,NOT DETECTED,0.00,816,384,838,420
2026-08-30 18:32:18,67,39,CAR,0.50,NOT DETECTED,0.00,1259,337,1277,387
2026-08-30 18:32:18,67,21,MOTORCYCLE,0.30,NOT DETECTED,0.00,764,391,796,440
2026-08-30 18:32:18,67,45,CAR,0.39,NOT DETECTED,0.00,1245,277,1278,314
2026-08-30 18:32:18,67,5,BUS,0.48,NOT DETECTED,0.00,733,206,816,275
2026-08-30 18:32:18,67,34,MOTORCYCLE,0.35,NOT DETECTED,0.00,895,402,920,439
2026-08-30 18:32:22,68,2,CAR,0.77,NOT DETECTED,0.00,1134,294,1201,334
2026-08-30 18:32:22,68,3,CAR,0.36,NOT DETECTED,0.00,874,252,912,285
2026-08-30 18:32:22,68,10,CAR,0.54,NOT DETECTED,0.00,824,240,856,267
2026-08-30 18:32:22,68,8,CAR,0.49,NOT DETECTED,0.00,1195,280,1233,313
2026-08-30 18:32:22,68,1,BUS,0.59,NOT DETECTED,0.00,29,434,661,684
2026-08-30 18:32:22,68,17,MOTORCYCLE,0.61,NOT DETECTED,0.00,817,387,839,422
2026-08-30 18:32:22,68,39,CAR,0.47,NOT DETECTED,0.00,1258,337,1277,387
2026-08-30 18:32:22,68,21,MOTORCYCLE,0.43,NOT DETECTED,0.00,765,391,795,439
2026-08-30 18:32:22,68,45,CAR,0.36,NOT DETECTED,0.00,1245,278,1278,314
2026-08-30 18:32:22,68,5,BUS,0.50,NOT DETECTED,0.00,732,205,817,276
2026-08-30 18:32:22,68,34,MOTORCYCLE,0.47,NOT DETECTED,0.00,895,401,921,441
2026-08-30 18:32:25,69,2,CAR,0.69,NOT DETECTED,0.00,1135,294,1201,334
2026-08-30 18:32:25,69,3,CAR,0.31,NOT DETECTED,0.00,876,256,911,285
2026-08-30 18:32:25,69,10,CAR,0.53,NOT DETECTED,0.00,824,240,856,267
2026-08-30 18:32:25,69,8,CAR,0.44,NOT DETECTED,0.00,1196,280,1231,311
2026-08-30 18:32:25,69,1,BUS,0.59,NOT DETECTED,0.00,25,435,682,693
2026-08-30 18:32:25,69,17,MOTORCYCLE,0.62,NOT DETECTED,0.00,818,389,840,423
2026-08-30 18:32:25,69,39,CAR,0.43,NOT DETECTED,0.00,1257,337,1277,387
2026-08-30 18:32:25,69,21,MOTORCYCLE,0.33,NOT DETECTED,0.00,766,397,795,443
2026-08-30 18:32:33,69,45,CAR,0.35,NOT DETECTED,0.00,1243,274,1279,315
2026-08-30 18:32:33,69,5,BUS,0.50,NOT DETECTED,0.00,732,205,817,276
2026-08-30 18:32:33,69,34,MOTORCYCLE,0.36,NOT DETECTED,0.00,897,404,922,443
2026-08-30 18:32:33,69,40,MOTORCYCLE,0.30,NOT DETECTED,0.00,857,358,875,392
2026-08-30 18:32:37,70,2,CAR,0.70,NOT DETECTED,0.00,1136,294,1202,334
2026-08-30 18:32:37,70,3,CAR,0.27,NOT DETECTED,0.00,875,255,912,285
2026-08-30 18:32:37,70,10,CAR,0.49,NOT DETECTED,0.00,824,241,856,268
2026-08-30 18:32:37,70,8,CAR,0.51,NOT DETECTED,0.00,1195,280,1230,311
2026-08-30 18:32:37,70,1,BUS,0.69,NOT DETECTED,0.00,29,435,701,697
2026-08-30 18:32:37,70,17,MOTORCYCLE,0.60,NOT DETECTED,0.00,818,389,840,424
2026-08-30 18:32:37,70,39,CAR,0.47,NOT DETECTED,0.00,1257,338,1277,387
2026-08-30 18:32:37,70,21,MOTORCYCLE,0.29,NOT DETECTED,0.00,767,399,795,444
2026-08-30 18:32:37,70,45,CAR,0.31,NOT DETECTED,0.00,1242,273,1279,315
2026-08-30 18:32:40,70,5,BUS,0.57,NOT DETECTED,0.00,731,205,818,276
2026-08-30 18:32:40,70,34,MOTORCYCLE,0.38,NOT DETECTED,0.00,898,406,923,445
2026-08-30 18:32:40,70,40,MOTORCYCLE,0.32,NOT DETECTED,0.00,857,359,876,393
2026-08-30 18:32:44,71,2,CAR,0.68,NOT DETECTED,0.00,1136,294,1202,334
2026-08-30 18:32:46,71,3,CAR,0.31,NOT DETECTED,0.00,877,258,911,286
2026-08-30 18:32:46,71,10,CAR,0.52,NOT DETECTED,0.00,824,241,856,268
2026-08-30 18:32:46,71,8,CAR,0.46,NOT DETECTED,0.00,1195,280,1229,311
2026-08-30 18:32:46,71,1,BUS,0.65,NOT DETECTED,0.00,20,438,686,697
2026-08-30 18:32:46,71,17,MOTORCYCLE,0.58,NOT DETECTED,0.00,818,390,841,426
2026-08-30 18:32:46,71,39,CAR,0.55,NOT DETECTED,0.00,1256,337,1277,388
2026-08-30 18:32:46,71,45,CAR,0.26,NOT DETECTED,0.00,1241,272,1280,315
2026-08-30 18:32:46,71,5,BUS,0.56,NOT DETECTED,0.00,731,205,818,276
2026-08-30 18:32:46,71,34,MOTORCYCLE,0.33,NOT DETECTED,0.00,898,404,924,446
2026-08-30 18:32:46,71,40,MOTORCYCLE,0.31,NOT DETECTED,0.00,857,358,877,394
2026-08-30 18:32:50,72,2,CAR,0.61,NOT DETECTED,0.00,1136,294,1202,333
2026-08-30 18:32:50,72,10,CAR,0.53,NOT DETECTED,0.00,824,241,856,269
2026-08-30 18:32:50,72,8,CAR,0.42,NOT DETECTED,0.00,1194,279,1229,312
2026-08-30 18:33:01,72,1,BUS,0.68,NOT DETECTED,0.00,21,440,689,697
2026-08-30 18:33:01,72,17,MOTORCYCLE,0.54,NOT DETECTED,0.00,819,390,842,427
2026-08-30 18:33:01,72,39,CAR,0.57,NOT DETECTED,0.00,1255,337,1277,388
2026-08-30 18:33:01,72,5,BUS,0.57,NOT DETECTED,0.00,730,206,818,276
2026-08-30 18:33:01,72,40,MOTORCYCLE,0.36,NOT DETECTED,0.00,857,359,877,395
2026-08-30 18:33:06,73,2,CAR,0.60,NOT DETECTED,0.00,1134,293,1200,333
2026-08-30 18:33:06,73,10,CAR,0.55,NOT DETECTED,0.00,824,242,856,269
2026-08-30 18:33:06,73,8,CAR,0.29,NOT DETECTED,0.00,1194,279,1228,312
2026-08-30 18:33:06,73,1,BUS,0.66,NOT DETECTED,0.00,1,441,648,691
2026-08-30 18:33:06,73,17,MOTORCYCLE,0.46,NOT DETECTED,0.00,819,390,844,429
2026-08-30 18:33:08,73,39,CAR,0.58,NOT DETECTED,0.00,1255,336,1277,388
2026-08-30 18:33:08,73,5,BUS,0.64,NOT DETECTED,0.00,730,206,818,276
2026-08-30 18:33:08,73,40,MOTORCYCLE,0.34,NOT DETECTED,0.00,858,358,879,396
2026-08-30 18:33:08,73,3,CAR,0.38,NOT DETECTED,0.00,877,259,912,286
2026-08-30 18:33:08,73,34,MOTORCYCLE,0.31,NOT DETECTED,0.00,901,409,926,448
2026-08-30 18:33:13,74,2,CAR,0.69,NOT DETECTED,0.00,1132,292,1198,332
2026-08-30 18:33:13,74,10,CAR,0.54,NOT DETECTED,0.00,824,242,856,269
2026-08-30 18:33:13,74,8,CAR,0.32,NOT DETECTED,0.00,1194,278,1228,311
2026-08-30 18:33:13,74,1,BUS,0.62,NOT DETECTED,0.00,19,439,690,696
2026-08-30 18:33:13,74,17,MOTORCYCLE,0.36,NOT DETECTED,0.00,819,388,846,430
2026-08-30 18:33:13,74,39,CAR,0.62,NOT DETECTED,0.00,1254,336,1277,388
2026-08-30 18:33:13,74,5,BUS,0.62,NOT DETECTED,0.00,730,206,818,276
2026-08-30 18:33:13,74,40,MOTORCYCLE,0.49,NOT DETECTED,0.00,860,364,879,398
2026-08-30 18:33:13,74,3,CAR,0.33,NOT DETECTED,0.00,879,263,911,287
2026-08-30 18:33:13,74,45,CAR,0.33,NOT DETECTED,0.00,1243,276,1277,314
2026-08-30 18:33:17,75,2,CAR,0.76,NOT DETECTED,0.00,1132,292,1197,332
2026-08-30 18:33:17,75,10,CAR,0.54,NOT DETECTED,0.00,824,242,856,269
2026-08-30 18:33:17,75,8,CAR,0.39,NOT DETECTED,0.00,1194,278,1227,311
2026-08-30 18:33:17,75,1,BUS,0.60,NOT DETECTED,0.00,28,437,698,691
2026-08-30 18:33:17,75,17,MOTORCYCLE,0.32,NOT DETECTED,0.00,819,389,847,433
2026-08-30 18:33:17,75,39,CAR,0.55,NOT DETECTED,0.00,1253,335,1277,388
2026-08-30 18:33:19,75,5,BUS,0.56,NOT DETECTED,0.00,729,206,818,277
2026-08-30 18:33:19,75,40,MOTORCYCLE,0.48,NOT DETECTED,0.00,860,366,879,399
2026-08-30 18:33:19,75,3,CAR,0.44,NOT DETECTED,0.00,880,266,910,287
2026-08-30 18:33:19,75,45,CAR,0.42,NOT DETECTED,0.00,1243,277,1277,314
2026-08-30 18:33:19,75,34,MOTORCYCLE,0.26,NOT DETECTED,0.00,904,414,927,449
2026-08-30 18:33:22,76,2,CAR,0.76,NOT DETECTED,0.00,1134,292,1197,331
2026-08-30 18:33:22,76,10,CAR,0.52,NOT DETECTED,0.00,824,242,856,269
2026-08-30 18:33:22,76,8,CAR,0.39,NOT DETECTED,0.00,1194,278,1226,310
2026-08-30 18:33:22,76,1,BUS,0.57,NOT DETECTED,0.00,0,441,635,684
2026-08-30 18:33:22,76,39,CAR,0.56,NOT DETECTED,0.00,1252,334,1277,388
2026-08-30 18:33:22,76,5,BUS,0.59,NOT DETECTED,0.00,729,206,818,277
2026-08-30 18:33:22,76,40,MOTORCYCLE,0.46,NOT DETECTED,0.00,861,369,879,400
2026-08-30 18:33:22,76,3,CAR,0.47,NOT DETECTED,0.00,880,267,910,288
2026-08-30 18:33:22,76,45,CAR,0.41,NOT DETECTED,0.00,1242,277,1277,314
2026-08-30 18:33:22,76,34,MOTORCYCLE,0.28,NOT DETECTED,0.00,905,418,928,454
2026-08-30 18:33:26,77,2,CAR,0.72,NOT DETECTED,0.00,1135,292,1196,331
2026-08-30 18:33:26,77,10,CAR,0.49,NOT DETECTED,0.00,824,242,855,270
2026-08-30 18:33:26,77,8,CAR,0.41,NOT DETECTED,0.00,1193,278,1224,310
2026-08-30 18:33:28,77,1,BUS,0.61,NOT DETECTED,0.00,0,444,610,680
2026-08-30 18:33:28,77,39,CAR,0.55,NOT DETECTED,0.00,1251,333,1277,388
2026-08-30 18:33:28,77,5,BUS,0.61,NOT DETECTED,0.00,728,206,818,277
2026-08-30 18:33:28,77,40,MOTORCYCLE,0.32,NOT DETECTED,0.00,861,367,880,401
2026-08-30 18:33:28,77,3,CAR,0.47,NOT DETECTED,0.00,880,267,911,288
2026-08-30 18:33:28,77,45,CAR,0.44,NOT DETECTED,0.00,1242,277,1277,314
2026-08-30 18:33:31,78,2,CAR,0.70,NOT DETECTED,0.00,1133,292,1193,331
2026-08-30 18:33:31,78,10,CAR,0.43,NOT DETECTED,0.00,824,242,855,270
2026-08-30 18:33:31,78,8,CAR,0.36,NOT DETECTED,0.00,1193,277,1224,310
2026-08-30 18:33:31,78,1,BUS,0.66,NOT DETECTED,0.00,0,444,620,684
2026-08-30 18:33:33,78,39,CAR,0.56,NOT DETECTED,0.00,1250,332,1277,388
2026-08-30 18:33:33,78,5,BUS,0.66,NOT DETECTED,0.00,727,206,818,277
2026-08-30 18:33:33,78,40,MOTORCYCLE,0.40,NOT DETECTED,0.00,862,368,881,403
2026-08-30 18:33:33,78,3,CAR,0.49,NOT DETECTED,0.00,880,267,911,288
2026-08-30 18:33:33,78,45,CAR,0.47,NOT DETECTED,0.00,1242,277,1276,314
2026-08-30 18:33:33,78,34,MOTORCYCLE,0.37,NOT DETECTED,0.00,907,422,930,458
2026-08-30 18:33:36,79,2,CAR,0.73,NOT DETECTED,0.00,1134,292,1192,330
2026-08-30 18:33:36,79,10,CAR,0.45,NOT DETECTED,0.00,823,242,855,270
2026-08-30 18:33:36,79,8,CAR,0.27,NOT DETECTED,0.00,1192,276,1223,310
2026-08-30 18:33:36,79,1,BUS,0.60,NOT DETECTED,0.00,0,444,627,688
2026-08-30 18:33:36,79,39,CAR,0.58,NOT DETECTED,0.00,1250,332,1277,388
2026-08-30 18:33:36,79,5,BUS,0.71,NOT DETECTED,0.00,727,206,818,278
2026-08-30 18:33:36,79,40,MOTORCYCLE,0.41,NOT DETECTED,0.00,862,369,882,404
2026-08-30 18:33:36,79,3,CAR,0.43,NOT DETECTED,0.00,880,267,912,288
2026-08-30 18:33:42,79,45,CAR,0.46,NOT DETECTED,0.00,1241,278,1273,312
2026-08-30 18:33:42,79,34,MOTORCYCLE,0.33,NOT DETECTED,0.00,907,422,931,460
2026-08-30 18:33:46,80,2,CAR,0.72,NOT DETECTED,0.00,1134,291,1192,330
2026-08-30 18:33:46,80,10,CAR,0.40,NOT DETECTED,0.00,823,242,856,270
2026-08-30 18:33:46,80,8,CAR,0.32,NOT DETECTED,0.00,1192,276,1223,310
2026-08-30 18:33:46,80,1,BUS,0.51,NOT DETECTED,0.00,0,445,609,687
2026-08-30 18:33:46,80,39,CAR,0.61,NOT DETECTED,0.00,1249,331,1277,389
2026-08-30 18:33:48,80,5,BUS,0.72,NOT DETECTED,0.00,727,205,818,278
2026-08-30 18:33:48,80,40,MOTORCYCLE,0.33,NOT DETECTED,0.00,863,368,883,405
2026-08-30 18:33:48,80,3,CAR,0.34,NOT DETECTED,0.00,879,266,914,289
2026-08-30 18:33:48,80,45,CAR,0.54,NOT DETECTED,0.00,1240,278,1273,311
2026-08-30 18:33:48,80,34,MOTORCYCLE,0.42,NOT DETECTED,0.00,909,425,932,462
2026-08-30 18:33:48,80,17,MOTORCYCLE,0.44,NOT DETECTED,0.00,823,399,850,442
2026-08-30 18:33:52,81,2,CAR,0.67,NOT DETECTED,0.00,1132,290,1190,329
2026-08-30 18:33:52,81,10,CAR,0.38,NOT DETECTED,0.00,823,242,856,271
2026-08-30 18:33:52,81,1,BUS,0.69,NOT DETECTED,0.00,0,446,582,692
2026-08-30 18:33:52,81,39,CAR,0.68,NOT DETECTED,0.00,1248,330,1277,389
2026-08-30 18:33:52,81,5,BUS,0.71,NOT DETECTED,0.00,726,205,819,279
2026-08-30 18:33:52,81,40,MOTORCYCLE,0.38,NOT DETECTED,0.00,864,374,883,407
2026-08-30 18:33:52,81,45,CAR,0.56,NOT DETECTED,0.00,1240,278,1273,311
2026-08-30 18:33:52,81,34,MOTORCYCLE,0.43,NOT DETECTED,0.00,910,427,933,464
2026-08-30 18:33:52,81,17,MOTORCYCLE,0.47,NOT DETECTED,0.00,826,406,850,444
2026-08-30 18:33:56,82,2,CAR,0.62,NOT DETECTED,0.00,1129,289,1187,329
2026-08-30 18:33:56,82,10,CAR,0.38,NOT DETECTED,0.00,823,243,856,271
2026-08-30 18:34:01,82,1,BUS,0.89,NOT DETECTED,0.00,0,445,551,680
2026-08-30 18:34:01,82,39,CAR,0.72,NOT DETECTED,0.00,1247,331,1277,389
2026-08-30 18:34:01,82,5,BUS,0.72,NOT DETECTED,0.00,726,205,819,279
2026-08-30 18:34:01,82,40,MOTORCYCLE,0.43,NOT DETECTED,0.00,866,376,885,409
2026-08-30 18:34:01,82,45,CAR,0.65,NOT DETECTED,0.00,1239,277,1272,311
2026-08-30 18:34:01,82,34,MOTORCYCLE,0.42,NOT DETECTED,0.00,910,429,934,466
2026-08-30 18:34:01,82,17,MOTORCYCLE,0.50,NOT DETECTED,0.00,827,410,850,446
2026-08-30 18:34:05,82,60,CAR,0.33,NOT DETECTED,0.00,874,258,917,289
2026-08-30 18:34:10,83,2,CAR,0.63,NOT DETECTED,0.00,1125,288,1184,329
2026-08-30 18:34:10,83,10,CAR,0.35,NOT DETECTED,0.00,823,243,856,271
2026-08-30 18:34:10,83,1,BUS,0.87,NOT DETECTED,0.00,0,445,538,676
2026-08-30 18:34:13,83,39,CAR,0.75,NOT DETECTED,0.00,1246,331,1276,390
2026-08-30 18:34:13,83,5,BUS,0.75,NOT DETECTED,0.00,726,205,819,279
2026-08-30 18:34:13,83,40,MOTORCYCLE,0.38,NOT DETECTED,0.00,866,377,886,410
2026-08-30 18:34:13,83,45,CAR,0.63,NOT DETECTED,0.00,1238,276,1272,310
2026-08-30 18:34:13,83,34,MOTORCYCLE,0.31,NOT DETECTED,0.00,913,431,936,467
2026-08-30 18:34:13,83,17,MOTORCYCLE,0.52,NOT DETECTED,0.00,828,412,851,448
2026-08-30 18:34:13,83,60,CAR,0.32,NOT DETECTED,0.00,873,257,917,289
2026-08-30 18:34:17,84,2,CAR,0.69,NOT DETECTED,0.00,1122,288,1183,329
2026-08-30 18:34:17,84,10,CAR,0.38,NOT DETECTED,0.00,823,243,856,272
2026-08-30 18:34:17,84,1,BUS,0.75,NOT DETECTED,0.00,0,445,536,675
2026-08-30 18:34:17,84,39,CAR,0.75,NOT DETECTED,0.00,1246,332,1276,389
2026-08-30 18:34:17,84,5,BUS,0.74,NOT DETECTED,0.00,726,205,820,279
2026-08-30 18:34:17,84,40,MOTORCYCLE,0.40,NOT DETECTED,0.00,867,377,886,411
2026-08-30 18:34:25,84,45,CAR,0.67,NOT DETECTED,0.00,1238,276,1273,310
2026-08-30 18:34:25,84,34,MOTORCYCLE,0.42,NOT DETECTED,0.00,914,433,938,472
2026-08-30 18:34:25,84,17,MOTORCYCLE,0.56,NOT DETECTED,0.00,829,412,853,449
2026-08-30 18:34:25,84,60,CAR,0.36,NOT DETECTED,0.00,873,257,918,289
2026-08-30 18:34:25,84,21,MOTORCYCLE,0.32,NOT DETECTED,0.00,770,419,804,474
2026-08-30 18:34:29,85,2,CAR,0.63,NOT DETECTED,0.00,1121,288,1182,329
2026-08-30 18:34:29,85,10,CAR,0.36,NOT DETECTED,0.00,823,243,856,272
2026-08-30 18:34:29,85,1,BUS,0.77,NOT DETECTED,0.00,0,445,538,685
2026-08-30 18:34:29,85,39,CAR,0.73,NOT DETECTED,0.00,1245,332,1276,389
2026-08-30 18:34:31,85,5,BUS,0.76,NOT DETECTED,0.00,726,205,820,280
2026-08-30 18:34:31,85,40,MOTORCYCLE,0.46,NOT DETECTED,0.00,868,379,887,412
2026-08-30 18:34:31,85,45,CAR,0.65,NOT DETECTED,0.00,1238,276,1273,310
2026-08-30 18:34:31,85,34,MOTORCYCLE,0.48,NOT DETECTED,0.00,914,434,939,474
2026-08-30 18:34:31,85,17,MOTORCYCLE,0.51,NOT DETECTED,0.00,828,410,855,452
2026-08-30 18:34:31,85,60,CAR,0.37,NOT DETECTED,0.00,873,257,918,290
2026-08-30 18:34:31,85,21,MOTORCYCLE,0.28,NOT DETECTED,0.00,770,419,804,475
2026-08-30 18:34:36,86,2,CAR,0.63,NOT DETECTED,0.00,1120,288,1180,328
2026-08-30 18:34:36,86,10,CAR,0.38,NOT DETECTED,0.00,824,244,856,272
2026-08-30 18:34:36,86,1,BUS,0.84,NOT DETECTED,0.00,0,445,535,688
2026-08-30 18:34:36,86,39,CAR,0.72,NOT DETECTED,0.00,1244,332,1276,389
2026-08-30 18:34:36,86,5,BUS,0.74,NOT DETECTED,0.00,725,205,820,280
2026-08-30 18:34:36,86,40,MOTORCYCLE,0.54,NOT DETECTED,0.00,868,379,888,413
2026-08-30 18:34:36,86,45,CAR,0.68,NOT DETECTED,0.00,1237,275,1274,310
2026-08-30 18:34:36,86,34,MOTORCYCLE,0.63,NOT DETECTED,0.00,914,436,940,477
2026-08-30 18:34:36,86,17,MOTORCYCLE,0.50,NOT DETECTED,0.00,828,411,856,453
2026-08-30 18:34:36,86,60,CAR,0.35,NOT DETECTED,0.00,873,257,918,290
2026-08-30 18:34:36,86,21,MOTORCYCLE,0.37,NOT DETECTED,0.00,773,430,802,478
2026-08-30 18:34:39,87,2,CAR,0.72,NOT DETECTED,0.00,1119,287,1180,328
2026-08-30 18:34:39,87,10,CAR,0.38,NOT DETECTED,0.00,824,244,857,273
2026-08-30 18:34:42,87,1,BUS,0.74,NOT DETECTED,0.00,0,445,540,695
2026-08-30 18:34:42,87,39,CAR,0.66,NOT DETECTED,0.00,1244,332,1275,387
2026-08-30 18:34:42,87,5,BUS,0.73,NOT DETECTED,0.00,725,205,820,281
2026-08-30 18:34:42,87,40,MOTORCYCLE,0.52,NOT DETECTED,0.00,869,382,889,414
2026-08-30 18:34:42,87,45,CAR,0.72,NOT DETECTED,0.00,1237,275,1274,310
2026-08-30 18:34:42,87,34,MOTORCYCLE,0.52,NOT DETECTED,0.00,914,435,942,479
2026-08-30 18:34:42,87,17,MOTORCYCLE,0.42,NOT DETECTED,0.00,829,414,856,454
2026-08-30 18:34:45,87,60,CAR,0.41,NOT DETECTED,0.00,874,258,918,290
2026-08-30 18:34:45,87,21,MOTORCYCLE,0.38,NOT DETECTED,0.00,775,434,802,479
2026-08-30 18:34:50,88,2,CAR,0.71,NOT DETECTED,0.00,1119,287,1179,328
2026-08-30 18:34:50,88,10,CAR,0.33,NOT DETECTED,0.00,824,244,857,273
2026-08-30 18:34:50,88,1,BUS,0.76,NOT DETECTED,0.00,0,446,536,702
2026-08-30 18:34:53,88,39,CAR,0.64,NOT DETECTED,0.00,1243,330,1276,387
2026-08-30 18:34:53,88,5,BUS,0.70,NOT DETECTED,0.00,724,205,820,281
2026-08-30 18:34:53,88,40,MOTORCYCLE,0.54,NOT DETECTED,0.00,869,380,890,416
2026-08-30 18:34:53,88,45,CAR,0.78,NOT DETECTED,0.00,1236,275,1274,311
2026-08-30 18:34:53,88,34,MOTORCYCLE,0.49,NOT DETECTED,0.00,915,434,944,481
2026-08-30 18:34:53,88,17,MOTORCYCLE,0.38,NOT DETECTED,0.00,830,416,856,456
2026-08-30 18:34:53,88,60,CAR,0.39,NOT DETECTED,0.00,875,259,918,290
2026-08-30 18:34:53,88,21,MOTORCYCLE,0.38,NOT DETECTED,0.00,775,438,802,483
2026-08-30 18:34:58,89,2,CAR,0.65,NOT DETECTED,0.00,1119,288,1177,327
2026-08-30 18:34:58,89,10,CAR,0.37,NOT DETECTED,0.00,824,244,857,273
2026-08-30 18:34:58,89,1,BUS,0.86,NOT DETECTED,0.00,0,447,525,702
2026-08-30 18:34:58,89,39,CAR,0.68,NOT DETECTED,0.00,1242,330,1276,387
2026-08-30 18:34:58,89,5,BUS,0.71,NOT DETECTED,0.00,724,205,819,281
2026-08-30 18:34:58,89,40,MOTORCYCLE,0.33,NOT DETECTED,0.00,869,380,891,416
2026-08-30 18:35:09,89,45,CAR,0.77,NOT DETECTED,0.00,1236,275,1275,311
2026-08-30 18:35:09,89,34,MOTORCYCLE,0.49,NOT DETECTED,0.00,916,436,945,483
2026-08-30 18:35:09,89,17,MOTORCYCLE,0.29,NOT DETECTED,0.00,832,418,858,458
2026-08-30 18:35:09,89,60,CAR,0.41,NOT DETECTED,0.00,876,259,918,291
2026-08-30 18:35:13,90,2,CAR,0.66,NOT DETECTED,0.00,1118,288,1177,327
2026-08-30 18:35:13,90,10,CAR,0.33,NOT DETECTED,0.00,824,244,857,273
2026-08-30 18:35:13,90,1,BUS,0.87,NOT DETECTED,0.00,0,447,518,704
2026-08-30 18:35:13,90,39,CAR,0.71,NOT DETECTED,0.00,1242,330,1276,386
2026-08-30 18:35:16,90,5,BUS,0.73,NOT DETECTED,0.00,724,205,819,282
2026-08-30 18:35:16,90,40,MOTORCYCLE,0.43,NOT DETECTED,0.00,868,374,893,418
2026-08-30 18:35:16,90,45,CAR,0.74,NOT DETECTED,0.00,1235,274,1274,310
2026-08-30 18:35:16,90,34,MOTORCYCLE,0.55,NOT DETECTED,0.00,916,439,945,485
2026-08-30 18:35:16,90,17,MOTORCYCLE,0.35,NOT DETECTED,0.00,833,420,859,460
2026-08-30 18:35:16,90,60,CAR,0.40,NOT DETECTED,0.00,876,259,918,291
2026-08-30 18:35:21,91,2,CAR,0.65,NOT DETECTED,0.00,1117,287,1177,326
2026-08-30 18:35:21,91,10,CAR,0.33,NOT DETECTED,0.00,825,245,857,273
2026-08-30 18:35:21,91,1,BUS,0.92,NOT DETECTED,0.00,0,448,507,700
2026-08-30 18:35:21,91,39,CAR,0.69,NOT DETECTED,0.00,1241,330,1275,386
2026-08-30 18:35:21,91,5,BUS,0.73,NOT DETECTED,0.00,725,205,819,282
2026-08-30 18:35:21,91,40,MOTORCYCLE,0.44,NOT DETECTED,0.00,868,371,895,418
2026-08-30 18:35:21,91,45,CAR,0.75,NOT DETECTED,0.00,1235,274,1274,310
2026-08-30 18:35:21,91,34,MOTORCYCLE,0.38,NOT DETECTED,0.00,916,441,945,487
2026-08-30 18:35:21,91,17,MOTORCYCLE,0.38,NOT DETECTED,0.00,834,420,861,462
2026-08-30 18:35:21,91,60,CAR,0.40,NOT DETECTED,0.00,876,260,919,292
2026-08-30 18:35:26,92,2,CAR,0.72,NOT DETECTED,0.00,1116,287,1176,327
2026-08-30 18:35:26,92,10,CAR,0.42,NOT DETECTED,0.00,825,245,858,274
2026-08-30 18:35:42,92,1,BUS,0.83,NOT DETECTED,0.00,0,449,497,697
2026-08-30 18:35:42,92,39,CAR,0.67,NOT DETECTED,0.00,1240,330,1275,385
2026-08-30 18:35:42,92,5,BUS,0.72,NOT DETECTED,0.00,724,205,819,282
2026-08-30 18:35:42,92,40,MOTORCYCLE,0.42,NOT DETECTED,0.00,870,378,895,420
2026-08-30 18:35:42,92,45,CAR,0.75,NOT DETECTED,0.00,1235,275,1274,310
2026-08-30 18:35:42,92,34,MOTORCYCLE,0.36,NOT DETECTED,0.00,915,437,947,488
2026-08-30 18:35:42,92,17,MOTORCYCLE,0.56,NOT DETECTED,0.00,834,420,862,464
2026-08-30 18:35:45,92,60,CAR,0.43,NOT DETECTED,0.00,876,260,919,292
2026-08-30 18:35:50,93,2,CAR,0.76,NOT DETECTED,0.00,1116,287,1175,327
2026-08-30 18:35:50,93,10,CAR,0.39,NOT DETECTED,0.00,825,245,859,274
2026-08-30 18:35:50,93,1,BUS,0.52,NOT DETECTED,0.00,0,449,485,689
2026-08-30 18:35:52,93,39,CAR,0.66,NOT DETECTED,0.00,1239,329,1275,384
2026-08-30 18:35:52,93,5,BUS,0.73,NOT DETECTED,0.00,724,205,819,282
2026-08-30 18:35:52,93,40,MOTORCYCLE,0.47,NOT DETECTED,0.00,872,381,895,420
2026-08-30 18:35:52,93,45,CAR,0.70,NOT DETECTED,0.00,1235,275,1274,310
2026-08-30 18:35:52,93,17,MOTORCYCLE,0.50,NOT DETECTED,0.00,835,424,862,466
2026-08-30 18:35:52,93,60,CAR,0.50,NOT DETECTED,0.00,876,259,919,292
2026-08-30 18:35:55,94,2,CAR,0.74,NOT DETECTED,0.00,1115,287,1175,326
2026-08-30 18:35:55,94,10,CAR,0.37,NOT DETECTED,0.00,825,245,859,274
2026-08-30 18:35:55,94,1,BUS,0.46,NOT DETECTED,0.00,0,449,479,687
2026-08-30 18:35:55,94,39,CAR,0.69,NOT DETECTED,0.00,1239,329,1275,383
2026-08-30 18:35:55,94,5,BUS,0.75,NOT DETECTED,0.00,724,205,819,282
2026-08-30 18:35:55,94,40,MOTORCYCLE,0.41,NOT DETECTED,0.00,873,385,895,422
2026-08-30 18:36:01,94,45,CAR,0.69,NOT DETECTED,0.00,1234,274,1275,310
2026-08-30 18:36:01,94,17,MOTORCYCLE,0.54,NOT DETECTED,0.00,836,426,863,468
2026-08-30 18:36:01,94,60,CAR,0.45,NOT DETECTED,0.00,877,260,918,292
2026-08-30 18:36:01,94,21,MOTORCYCLE,0.47,NOT DETECTED,0.00,779,445,812,499
2026-08-30 18:36:01,94,34,MOTORCYCLE,0.30,NOT DETECTED,0.00,918,442,950,493
2026-08-30 18:36:05,95,2,CAR,0.66,NOT DETECTED,0.00,1114,285,1175,326
2026-08-30 18:36:05,95,10,CAR,0.43,NOT DETECTED,0.00,825,245,859,274
2026-08-30 18:36:05,95,1,BUS,0.90,NOT DETECTED,0.00,0,450,470,684
2026-08-30 18:36:05,95,39,CAR,0.67,NOT DETECTED,0.00,1238,329,1275,383
2026-08-30 18:36:08,95,5,BUS,0.71,NOT DETECTED,0.00,724,205,818,283
2026-08-30 18:36:08,95,40,MOTORCYCLE,0.45,NOT DETECTED,0.00,874,387,896,423
2026-08-30 18:36:08,95,45,CAR,0.70,NOT DETECTED,0.00,1234,273,1275,309
2026-08-30 18:36:08,95,17,MOTORCYCLE,0.53,NOT DETECTED,0.00,836,428,864,470
2026-08-30 18:36:08,95,60,CAR,0.46,NOT DETECTED,0.00,878,260,918,292
2026-08-30 18:36:08,95,21,MOTORCYCLE,0.37,NOT DETECTED,0.00,778,446,814,502
2026-08-30 18:36:08,95,34,MOTORCYCLE,0.43,NOT DETECTED,0.00,917,445,950,496
2026-08-30 18:36:18,96,2,CAR,0.55,NOT DETECTED,0.00,1115,287,1174,326
2026-08-30 18:36:18,96,10,CAR,0.49,NOT DETECTED,0.00,825,245,858,275
2026-08-30 18:36:18,96,1,BUS,0.92,NOT DETECTED,0.00,0,451,466,687
2026-08-30 18:36:18,96,39,CAR,0.69,NOT DETECTED,0.00,1238,329,1275,382
2026-08-30 18:36:18,96,5,BUS,0.66,NOT DETECTED,0.00,724,205,818,283
2026-08-30 18:36:18,96,40,MOTORCYCLE,0.53,NOT DETECTED,0.00,875,390,897,425
2026-08-30 18:36:18,96,45,CAR,0.66,NOT DETECTED,0.00,1233,273,1275,309
2026-08-30 18:36:18,96,17,MOTORCYCLE,0.52,NOT DETECTED,0.00,836,428,865,472
2026-08-30 18:36:18,96,60,CAR,0.48,NOT DETECTED,0.00,878,261,919,293
2026-08-30 18:36:18,96,21,MOTORCYCLE,0.66,NOT DETECTED,0.00,779,447,815,505
2026-08-30 18:36:18,96,34,MOTORCYCLE,0.42,NOT DETECTED,0.00,916,447,950,498
2026-08-30 18:36:18,96,74,MOTORCYCLE,0.43,NOT DETECTED,0.00,822,360,846,402
2026-08-30 18:36:22,97,2,CAR,0.47,NOT DETECTED,0.00,1117,288,1173,325
2026-08-30 18:36:22,97,10,CAR,0.45,NOT DETECTED,0.00,824,245,859,275
2026-08-30 18:36:25,97,1,BUS,0.92,NOT DETECTED,0.00,0,452,457,684
2026-08-30 18:36:25,97,39,CAR,0.72,NOT DETECTED,0.00,1237,329,1275,381
2026-08-30 18:36:25,97,5,BUS,0.61,NOT DETECTED,0.00,724,206,817,283
2026-08-30 18:36:25,97,40,MOTORCYCLE,0.55,NOT DETECTED,0.00,876,389,899,427
2026-08-30 18:36:25,97,45,CAR,0.66,NOT DETECTED,0.00,1233,272,1276,309
2026-08-30 18:36:25,97,17,MOTORCYCLE,0.60,NOT DETECTED,0.00,836,427,867,474
2026-08-30 18:36:27,97,60,CAR,0.47,NOT DETECTED,0.00,879,260,920,293
2026-08-30 18:36:27,97,21,MOTORCYCLE,0.68,NOT DETECTED,0.00,778,446,817,506
2026-08-30 18:36:27,97,34,MOTORCYCLE,0.52,NOT DETECTED,0.00,916,447,951,500
2026-08-30 18:36:27,97,74,MOTORCYCLE,0.44,NOT DETECTED,0.00,824,366,845,403
2026-08-30 18:36:31,98,2,CAR,0.43,NOT DETECTED,0.00,1124,289,1177,325
2026-08-30 18:36:31,98,10,CAR,0.35,NOT DETECTED,0.00,824,245,858,275
2026-08-30 18:36:31,98,1,BUS,0.91,NOT DETECTED,0.00,0,453,450,682
2026-08-30 18:36:34,98,39,CAR,0.67,NOT DETECTED,0.00,1236,329,1274,381
2026-08-30 18:36:34,98,5,BUS,0.60,NOT DETECTED,0.00,724,206,817,282
2026-08-30 18:36:34,98,40,MOTORCYCLE,0.56,NOT DETECTED,0.00,877,391,900,428
2026-08-30 18:36:34,98,45,CAR,0.65,NOT DETECTED,0.00,1232,272,1276,309
2026-08-30 18:36:34,98,17,MOTORCYCLE,0.61,NOT DETECTED,0.00,837,428,868,477
2026-08-30 18:36:34,98,60,CAR,0.48,NOT DETECTED,0.00,880,261,921,294
2026-08-30 18:36:34,98,21,MOTORCYCLE,0.62,NOT DETECTED,0.00,778,446,817,506
2026-08-30 18:36:34,98,34,MOTORCYCLE,0.34,NOT DETECTED,0.00,916,446,955,504
2026-08-30 18:36:34,98,74,MOTORCYCLE,0.42,NOT DETECTED,0.00,825,371,844,404
2026-08-30 18:36:37,99,2,CAR,0.47,NOT DETECTED,0.00,1119,289,1172,324
2026-08-30 18:36:37,99,10,CAR,0.27,NOT DETECTED,0.00,825,246,857,275
2026-08-30 18:36:37,99,1,BUS,0.91,NOT DETECTED,0.00,0,453,446,682
2026-08-30 18:36:37,99,39,CAR,0.68,NOT DETECTED,0.00,1235,328,1274,380
2026-08-30 18:36:37,99,5,BUS,0.57,NOT DETECTED,0.00,724,206,817,282
2026-08-30 18:36:37,99,40,MOTORCYCLE,0.59,NOT DETECTED,0.00,876,388,901,429
2026-08-30 18:36:41,99,45,CAR,0.69,ID39,0.59,1232,272,1276,309
2026-08-30 18:36:41,99,17,MOTORCYCLE,0.55,NOT DETECTED,0.00,838,431,869,478
2026-08-30 18:36:41,99,60,CAR,0.48,NOT DETECTED,0.00,880,261,921,294
2026-08-30 18:36:41,99,21,MOTORCYCLE,0.53,NOT DETECTED,0.00,779,447,817,506
2026-08-30 18:36:41,99,74,MOTORCYCLE,0.46,NOT DETECTED,0.00,825,371,844,405
2026-08-30 18:36:44,100,2,CAR,0.56,NOT DETECTED,0.00,1116,288,1170,324
2026-08-30 18:36:44,100,10,CAR,0.26,NOT DETECTED,0.00,824,247,857,275
2026-08-30 18:36:44,100,1,BUS,0.84,NOT DETECTED,0.00,0,453,442,680
2026-08-30 18:36:44,100,39,CAR,0.74,NOT DETECTED,0.00,1234,327,1275,380
2026-08-30 18:36:46,100,5,BUS,0.50,NOT DETECTED,0.00,724,206,817,283
2026-08-30 18:36:48,100,40,MOTORCYCLE,0.68,NOT DETECTED,0.00,877,392,901,431
2026-08-30 18:36:48,100,17,MOTORCYCLE,0.53,NOT DETECTED,0.00,840,434,869,480
2026-08-30 18:36:48,100,60,CAR,0.51,NOT DETECTED,0.00,881,261,921,294
2026-08-30 18:36:48,100,21,MOTORCYCLE,0.53,NOT DETECTED,0.00,779,448,817,507
2026-08-30 18:36:48,100,74,MOTORCYCLE,0.51,NOT DETECTED,0.00,825,370,846,406
2026-08-30 18:36:48,100,77,MOTORCYCLE,0.39,NOT DETECTED,0.00,779,348,801,382
2026-08-30 18:36:52,101,2,CAR,0.51,NOT DETECTED,0.00,1119,290,1169,324
2026-08-30 18:36:52,101,10,CAR,0.29,NOT DETECTED,0.00,823,247,856,275
2026-08-30 18:36:52,101,1,BUS,0.92,NOT DETECTED,0.00,0,455,434,678
2026-08-30 18:36:52,101,39,CAR,0.70,NOT DETECTED,0.00,1233,326,1275,379
2026-08-30 18:36:52,101,5,BUS,0.38,NOT DETECTED,0.00,724,205,817,283
2026-08-30 18:36:52,101,40,MOTORCYCLE,0.58,NOT DETECTED,0.00,879,396,902,433
2026-08-30 18:36:52,101,17,MOTORCYCLE,0.40,NOT DETECTED,0.00,842,438,871,482
2026-08-30 18:36:52,101,60,CAR,0.70,NOT DETECTED,0.00,879,261,920,294
2026-08-30 18:36:52,101,21,MOTORCYCLE,0.45,NOT DETECTED,0.00,779,453,817,513
2026-08-30 18:36:55,101,74,MOTORCYCLE,0.37,NOT DETECTED,0.00,826,374,846,408
2026-08-30 18:36:58,102,2,CAR,0.48,NOT DETECTED,0.00,1115,289,1168,323
2026-08-30 18:36:58,102,10,CAR,0.30,NOT DETECTED,0.00,823,247,855,276
2026-08-30 18:37:00,102,1,BUS,0.93,NOT DETECTED,0.00,0,455,421,668
2026-08-30 18:37:00,102,39,CAR,0.73,NOT DETECTED,0.00,1232,326,1275,379
2026-08-30 18:37:00,102,5,BUS,0.34,NOT DETECTED,0.00,724,205,818,283
2026-08-30 18:37:00,102,40,MOTORCYCLE,0.48,NOT DETECTED,0.00,879,396,903,434
2026-08-30 18:37:00,102,17,MOTORCYCLE,0.52,NOT DETECTED,0.00,844,443,872,485
2026-08-30 18:37:03,102,60,CAR,0.69,NOT DETECTED,0.00,879,261,919,294
2026-08-30 18:37:03,102,21,MOTORCYCLE,0.36,NOT DETECTED,0.00,778,454,818,516
2026-08-30 18:37:03,102,74,MOTORCYCLE,0.38,NOT DETECTED,0.00,827,376,846,410
2026-08-30 18:37:03,102,80,CAR,0.36,NOT DETECTED,0.00,1154,270,1196,303
2026-08-30 18:37:05,102,81,TRUCK,0.32,NOT DETECTED,0.00,724,204,818,284
2026-08-30 18:37:05,102,82,MOTORCYCLE,0.46,NOT DETECTED,0.00,937,472,960,515
2026-08-30 18:37:10,103,2,CAR,0.43,NOT DETECTED,0.00,1118,290,1168,323
2026-08-30 18:37:10,103,10,CAR,0.27,NOT DETECTED,0.00,823,248,855,276
2026-08-30 18:37:10,103,1,BUS,0.94,NOT DETECTED,0.00,0,455,415,666
2026-08-30 18:37:12,103,39,CAR,0.71,NOT DETECTED,0.00,1231,325,1275,379
2026-08-30 18:37:12,103,5,BUS,0.35,NOT DETECTED,0.00,724,205,817,283
2026-08-30 18:37:12,103,40,MOTORCYCLE,0.50,NOT DETECTED,0.00,880,397,904,435
2026-08-30 18:37:12,103,17,MOTORCYCLE,0.51,NOT DETECTED,0.00,846,446,873,487
2026-08-30 18:37:12,103,60,CAR,0.66,NOT DETECTED,0.00,880,261,919,294
2026-08-30 18:37:12,103,21,MOTORCYCLE,0.39,NOT DETECTED,0.00,780,463,817,521
2026-08-30 18:37:12,103,74,MOTORCYCLE,0.40,NOT DETECTED,0.00,827,377,847,412
2026-08-30 18:37:12,103,80,CAR,0.25,NOT DETECTED,0.00,1153,269,1196,303
2026-08-30 18:37:12,103,81,TRUCK,0.27,NOT DETECTED,0.00,724,204,817,283
2026-08-30 18:37:12,103,82,MOTORCYCLE,0.51,NOT DETECTED,0.00,937,472,961,516
2026-08-30 18:37:16,104,2,CAR,0.39,NOT DETECTED,0.00,1120,291,1168,323
2026-08-30 18:37:16,104,10,CAR,0.38,NOT DETECTED,0.00,823,248,855,276
2026-08-30 18:37:16,104,1,BUS,0.94,NOT DETECTED,0.00,0,455,413,665
2026-08-30 18:37:16,104,39,CAR,0.73,NOT DETECTED,0.00,1230,325,1275,378
2026-08-30 18:37:16,104,5,BUS,0.35,NOT DETECTED,0.00,724,205,817,283
2026-08-30 18:37:16,104,40,MOTORCYCLE,0.45,NOT DETECTED,0.00,880,397,906,437
2026-08-30 18:37:24,104,17,MOTORCYCLE,0.56,NOT DETECTED,0.00,847,448,874,490
2026-08-30 18:37:24,104,60,CAR,0.64,NOT DETECTED,0.00,880,262,920,295
2026-08-30 18:37:24,104,21,MOTORCYCLE,0.49,NOT DETECTED,0.00,781,469,816,525
2026-08-30 18:37:24,104,74,MOTORCYCLE,0.45,NOT DETECTED,0.00,824,369,849,413
2026-08-30 18:37:24,104,81,TRUCK,0.30,NOT DETECTED,0.00,724,204,818,284
2026-08-30 18:37:24,104,82,MOTORCYCLE,0.30,NOT DETECTED,0.00,938,474,963,521
2026-08-30 18:37:28,105,2,CAR,0.49,NOT DETECTED,0.00,1123,292,1169,323
2026-08-30 18:37:28,105,10,CAR,0.30,NOT DETECTED,0.00,822,247,856,277
2026-08-30 18:37:28,105,1,BUS,0.95,NOT DETECTED,0.00,0,455,410,667
2026-08-30 18:37:28,105,39,CAR,0.71,NOT DETECTED,0.00,1230,325,1275,378
2026-08-30 18:37:30,105,5,BUS,0.36,NOT DETECTED,0.00,724,205,817,283
2026-08-30 18:37:30,105,40,MOTORCYCLE,0.50,NOT DETECTED,0.00,881,398,907,439
2026-08-30 18:37:30,105,17,MOTORCYCLE,0.56,NOT DETECTED,0.00,847,450,875,492
2026-08-30 18:37:30,105,60,CAR,0.59,NOT DETECTED,0.00,881,262,920,295
2026-08-30 18:37:30,105,21,MOTORCYCLE,0.49,NOT DETECTED,0.00,782,473,816,527
2026-08-30 18:37:30,105,74,MOTORCYCLE,0.46,NOT DETECTED,0.00,825,373,849,414
2026-08-30 18:37:30,105,81,TRUCK,0.28,NOT DETECTED,0.00,724,204,817,284
2026-08-30 18:37:30,105,80,CAR,0.42,NOT DETECTED,0.00,1156,268,1195,298
2026-08-30 18:37:35,106,2,CAR,0.34,NOT DETECTED,0.00,1127,291,1172,322
2026-08-30 18:37:35,106,10,CAR,0.32,NOT DETECTED,0.00,823,248,856,277
2026-08-30 18:37:35,106,1,BUS,0.95,NOT DETECTED,0.00,0,456,408,669
2026-08-30 18:37:35,106,39,CAR,0.72,NOT DETECTED,0.00,1229,324,1275,378
2026-08-30 18:37:35,106,5,BUS,0.42,NOT DETECTED,0.00,724,205,817,283
2026-08-30 18:37:35,106,40,MOTORCYCLE,0.44,NOT DETECTED,0.00,883,399,909,440
2026-08-30 18:37:35,106,17,MOTORCYCLE,0.49,NOT DETECTED,0.00,848,452,876,495
2026-08-30 18:37:35,106,60,CAR,0.57,NOT DETECTED,0.00,881,263,921,296
2026-08-30 18:37:35,106,21,MOTORCYCLE,0.57,NOT DETECTED,0.00,780,469,817,529
2026-08-30 18:37:35,106,74,MOTORCYCLE,0.53,NOT DETECTED,0.00,826,372,850,416
2026-08-30 18:37:35,106,80,CAR,0.35,NOT DETECTED,0.00,1156,267,1194,298
2026-08-30 18:37:35,106,82,MOTORCYCLE,0.30,NOT DETECTED,0.00,941,480,966,525
2026-08-30 18:37:39,107,10,CAR,0.37,NOT DETECTED,0.00,823,248,856,277
2026-08-30 18:37:41,107,1,BUS,0.92,NOT DETECTED,0.00,0,456,406,672
2026-08-30 18:37:41,107,39,CAR,0.76,NOT DETECTED,0.00,1228,323,1275,377
2026-08-30 18:37:41,107,5,BUS,0.44,NOT DETECTED,0.00,723,205,817,284
2026-08-30 18:37:41,107,40,MOTORCYCLE,0.50,NOT DETECTED,0.00,884,400,910,441
2026-08-30 18:37:41,107,17,MOTORCYCLE,0.35,NOT DETECTED,0.00,848,452,877,496
2026-08-30 18:37:44,107,60,CAR,0.55,NOT DETECTED,0.00,882,263,921,296
2026-08-30 18:37:44,107,21,MOTORCYCLE,0.37,NOT DETECTED,0.00,780,465,819,530
2026-08-30 18:37:44,107,74,MOTORCYCLE,0.59,NOT DETECTED,0.00,825,368,852,417
2026-08-30 18:37:47,107,80,CAR,0.37,NOT DETECTED,0.00,1156,267,1195,298
2026-08-30 18:37:50,107,88,BUS,0.32,NOT DETECTED,0.00,690,651,906,719
2026-08-30 18:37:50,107,82,MOTORCYCLE,0.29,NOT DETECTED,0.00,943,483,967,528
2026-08-30 18:37:54,108,10,CAR,0.26,NOT DETECTED,0.00,823,249,856,277
2026-08-30 18:37:54,108,1,BUS,0.94,NOT DETECTED,0.00,0,456,403,674
2026-08-30 18:37:57,108,39,CAR,0.78,NOT DETECTED,0.00,1226,322,1276,377
2026-08-30 18:37:57,108,5,BUS,0.43,NOT DETECTED,0.00,722,205,817,284
2026-08-30 18:37:57,108,40,MOTORCYCLE,0.64,NOT DETECTED,0.00,885,402,911,443
2026-08-30 18:37:57,108,17,MOTORCYCLE,0.45,NOT DETECTED,0.00,849,454,878,499
2026-08-30 18:37:57,108,60,CAR,0.60,NOT DETECTED,0.00,883,264,921,296
2026-08-30 18:37:57,108,21,MOTORCYCLE,0.49,NOT DETECTED,0.00,780,468,820,535
2026-08-30 18:37:57,108,74,MOTORCYCLE,0.61,NOT DETECTED,0.00,825,367,853,419
2026-08-30 18:37:57,108,80,CAR,0.43,NOT DETECTED,0.00,1155,268,1195,299
2026-08-30 18:37:57,108,82,MOTORCYCLE,0.37,NOT DETECTED,0.00,943,479,969,527
2026-08-30 18:37:58,109,1,BUS,0.94,NOT DETECTED,0.00,0,457,398,672
2026-08-30 18:37:58,109,39,CAR,0.76,NOT DETECTED,0.00,1226,322,1276,377
2026-08-30 18:37:58,109,5,BUS,0.50,NOT DETECTED,0.00,722,205,818,285
2026-08-30 18:37:58,109,40,MOTORCYCLE,0.63,NOT DETECTED,0.00,886,402,912,445
2026-08-30 18:38:13,109,17,MOTORCYCLE,0.32,NOT DETECTED,0.00,850,456,880,501
2026-08-30 18:38:13,109,60,CAR,0.60,NOT DETECTED,0.00,883,264,922,297
2026-08-30 18:38:15,109,21,MOTORCYCLE,0.39,NOT DETECTED,0.00,780,467,822,539
2026-08-30 18:38:15,109,74,MOTORCYCLE,0.56,NOT DETECTED,0.00,825,368,854,421
2026-08-30 18:38:15,109,80,CAR,0.46,NOT DETECTED,0.00,1156,268,1195,299
2026-08-30 18:38:15,109,82,MOTORCYCLE,0.32,NOT DETECTED,0.00,944,477,972,529
2026-08-30 18:38:15,109,92,CAR,0.42,NOT DETECTED,0.00,1108,286,1166,322
2026-08-30 18:38:19,110,1,BUS,0.94,NOT DETECTED,0.00,0,457,392,671
2026-08-30 18:38:19,110,39,CAR,0.75,NOT DETECTED,0.00,1225,322,1275,377
2026-08-30 18:38:22,110,5,BUS,0.45,NOT DETECTED,0.00,721,205,818,286
2026-08-30 18:38:24,110,40,MOTORCYCLE,0.52,NOT DETECTED,0.00,886,405,912,446
2026-08-30 18:38:24,110,17,MOTORCYCLE,0.41,NOT DETECTED,0.00,851,459,881,504
2026-08-30 18:38:24,110,60,CAR,0.61,NOT DETECTED,0.00,883,265,922,297
2026-08-30 18:38:24,110,74,MOTORCYCLE,0.56,NOT DETECTED,0.00,825,368,854,422
2026-08-30 18:38:24,110,80,CAR,0.46,NOT DETECTED,0.00,1155,267,1195,299
2026-08-30 18:38:24,110,92,CAR,0.47,NOT DETECTED,0.00,1107,286,1164,322
2026-08-30 18:38:24,110,10,CAR,0.25,NOT DETECTED,0.00,824,249,855,276
2026-08-30 18:38:29,111,1,BUS,0.94,NOT DETECTED,0.00,0,457,386,668
2026-08-30 18:38:29,111,39,CAR,0.79,NOT DETECTED,0.00,1224,322,1275,377
2026-08-30 18:38:29,111,5,BUS,0.41,NOT DETECTED,0.00,721,205,818,286
2026-08-30 18:38:29,111,40,MOTORCYCLE,0.61,NOT DETECTED,0.00,887,403,914,448
2026-08-30 18:38:29,111,17,MOTORCYCLE,0.51,NOT DETECTED,0.00,852,460,883,506
2026-08-30 18:38:29,111,60,CAR,0.60,NOT DETECTED,0.00,883,265,922,298
2026-08-30 18:38:29,111,74,MOTORCYCLE,0.49,NOT DETECTED,0.00,829,383,852,424
2026-08-30 18:38:29,111,80,CAR,0.53,NOT DETECTED,0.00,1155,267,1196,299
2026-08-30 18:38:29,111,92,CAR,0.37,NOT DETECTED,0.00,1106,285,1164,322
2026-08-30 18:38:29,111,10,CAR,0.30,NOT DETECTED,0.00,823,249,855,277
2026-08-30 18:38:29,111,88,BUS,0.29,NOT DETECTED,0.00,690,651,906,719
2026-08-30 18:38:35,112,1,BUS,0.91,NOT DETECTED,0.00,0,452,386,668
2026-08-30 18:38:35,112,39,CAR,0.79,NOT DETECTED,0.00,1223,321,1275,376
2026-08-30 18:38:35,112,5,BUS,0.44,NOT DETECTED,0.00,721,205,818,286
2026-08-30 18:38:35,112,40,MOTORCYCLE,0.64,NOT DETECTED,0.00,889,407,915,450
2026-08-30 18:38:35,112,17,MOTORCYCLE,0.56,NOT DETECTED,0.00,853,462,884,509
2026-08-30 18:38:38,112,60,CAR,0.56,NOT DETECTED,0.00,884,265,922,298
2026-08-30 18:38:38,112,74,MOTORCYCLE,0.34,NOT DETECTED,0.00,828,379,854,426
2026-08-30 18:38:38,112,80,CAR,0.44,NOT DETECTED,0.00,1155,267,1195,299
2026-08-30 18:38:38,112,92,CAR,0.34,NOT DETECTED,0.00,1105,285,1163,322
2026-08-30 18:38:38,112,10,CAR,0.32,NOT DETECTED,0.00,823,249,855,278
2026-08-30 18:38:41,112,88,BUS,0.26,NOT DETECTED,0.00,690,651,906,719
2026-08-30 18:38:45,113,1,BUS,0.91,NOT DETECTED,0.00,0,453,381,666
2026-08-30 18:38:48,113,39,CAR,0.79,NOT DETECTED,0.00,1222,321,1275,376
2026-08-30 18:38:48,113,5,BUS,0.42,NOT DETECTED,0.00,721,205,818,286
2026-08-30 18:38:48,113,40,MOTORCYCLE,0.58,NOT DETECTED,0.00,889,407,916,451
2026-08-30 18:38:48,113,17,MOTORCYCLE,0.49,NOT DETECTED,0.00,854,463,885,511
2026-08-30 18:38:48,113,60,CAR,0.61,NOT DETECTED,0.00,884,265,923,299
2026-08-30 18:38:48,113,74,MOTORCYCLE,0.42,NOT DETECTED,0.00,828,376,856,427
2026-08-30 18:38:48,113,80,CAR,0.32,NOT DETECTED,0.00,1154,266,1196,299
2026-08-30 18:38:48,113,92,CAR,0.27,NOT DETECTED,0.00,1104,285,1163,322
2026-08-30 18:38:48,113,10,CAR,0.32,NOT DETECTED,0.00,823,250,856,278
2026-08-30 18:38:48,113,88,BUS,0.31,NOT DETECTED,0.00,690,651,906,719
2026-08-30 18:38:48,113,82,MOTORCYCLE,0.53,NOT DETECTED,0.00,950,496,979,547
2026-08-30 18:38:53,114,1,BUS,0.92,NOT DETECTED,0.00,0,453,376,667
2026-08-30 18:38:53,114,39,CAR,0.76,NOT DETECTED,0.00,1221,320,1276,376
2026-08-30 18:38:53,114,5,BUS,0.37,NOT DETECTED,0.00,721,205,818,286
2026-08-30 18:38:53,114,40,MOTORCYCLE,0.54,NOT DETECTED,0.00,890,408,917,452
2026-08-30 18:39:01,114,17,MOTORCYCLE,0.58,NOT DETECTED,0.00,856,467,887,515
2026-08-30 18:39:01,114,60,CAR,0.55,NOT DETECTED,0.00,884,265,924,299
2026-08-30 18:39:01,114,74,MOTORCYCLE,0.28,NOT DETECTED,0.00,828,375,856,429
2026-08-30 18:39:04,114,92,CAR,0.31,NOT DETECTED,0.00,1103,284,1162,321
2026-08-30 18:39:04,114,10,CAR,0.33,NOT DETECTED,0.00,823,250,855,278
2026-08-30 18:39:04,114,88,BUS,0.34,NOT DETECTED,0.00,690,651,906,719
2026-08-30 18:39:04,114,95,MOTORCYCLE,0.54,NOT DETECTED,0.00,832,399,852,430
2026-08-30 18:39:04,114,82,MOTORCYCLE,0.38,NOT DETECTED,0.00,952,500,981,551
2026-08-30 18:39:04,114,21,MOTORCYCLE,0.47,NOT DETECTED,0.00,789,501,821,558
2026-08-30 18:39:09,115,1,BUS,0.92,NOT DETECTED,0.00,0,454,371,667
2026-08-30 18:39:09,115,39,CAR,0.79,NOT DETECTED,0.00,1220,319,1276,376
2026-08-30 18:39:12,115,5,TRUCK,0.30,NOT DETECTED,0.00,720,205,818,287
2026-08-30 18:39:12,115,40,MOTORCYCLE,0.58,NOT DETECTED,0.00,892,413,918,454
2026-08-30 18:39:12,115,17,MOTORCYCLE,0.52,NOT DETECTED,0.00,857,469,888,518
2026-08-30 18:39:12,115,60,CAR,0.56,NOT DETECTED,0.00,884,265,924,299
2026-08-30 18:39:12,115,74,MOTORCYCLE,0.47,NOT DETECTED,0.00,828,376,857,431
2026-08-30 18:39:12,115,92,CAR,0.47,NOT DETECTED,0.00,1104,285,1161,321
2026-08-30 18:39:12,115,10,CAR,0.40,NOT DETECTED,0.00,823,250,855,279
2026-08-30 18:39:12,115,88,BUS,0.31,NOT DETECTED,0.00,690,651,906,719
2026-08-30 18:39:12,115,82,MOTORCYCLE,0.46,NOT DETECTED,0.00,953,501,983,555
2026-08-30 18:39:12,115,21,MOTORCYCLE,0.57,NOT DETECTED,0.00,790,504,824,561
2026-08-30 18:39:16,116,1,BUS,0.92,NOT DETECTED,0.00,0,457,366,667
2026-08-30 18:39:16,116,39,CAR,0.78,NOT DETECTED,0.00,1219,319,1276,375
2026-08-30 18:39:16,116,5,BUS,0.31,NOT DETECTED,0.00,720,205,817,287
2026-08-30 18:39:16,116,40,MOTORCYCLE,0.57,NOT DETECTED,0.00,894,415,919,456
2026-08-30 18:39:16,116,17,MOTORCYCLE,0.55,NOT DETECTED,0.00,857,471,889,520
2026-08-30 18:39:16,116,60,CAR,0.53,NOT DETECTED,0.00,884,265,925,300
2026-08-30 18:39:16,116,92,CAR,0.57,NOT DETECTED,0.00,1105,286,1159,320
2026-08-30 18:39:16,116,10,CAR,0.43,NOT DETECTED,0.00,823,251,856,280
2026-08-30 18:39:16,116,88,BUS,0.27,NOT DETECTED,0.00,689,650,907,719
2026-08-30 18:39:16,116,82,MOTORCYCLE,0.39,NOT DETECTED,0.00,955,506,985,560
2026-08-30 18:39:16,116,21,MOTORCYCLE,0.63,NOT DETECTED,0.00,791,508,825,564
2026-08-30 18:39:16,116,80,CAR,0.42,NOT DETECTED,0.00,1152,265,1194,299
2026-08-30 18:39:16,116,95,MOTORCYCLE,0.54,NOT DETECTED,0.00,832,399,854,433
2026-08-30 18:39:26,117,1,BUS,0.91,NOT DETECTED,0.00,0,459,361,668
2026-08-30 18:39:26,117,39,CAR,0.80,NOT DETECTED,0.00,1219,319,1275,375
2026-08-30 18:39:26,117,5,TRUCK,0.31,NOT DETECTED,0.00,719,205,816,287
2026-08-30 18:39:26,117,40,MOTORCYCLE,0.59,NOT DETECTED,0.00,896,419,920,458
2026-08-30 18:39:26,117,17,MOTORCYCLE,0.53,NOT DETECTED,0.00,858,472,891,523
2026-08-30 18:39:29,117,60,CAR,0.64,NOT DETECTED,0.00,883,265,925,301
2026-08-30 18:39:29,117,92,CAR,0.47,NOT DETECTED,0.00,1104,286,1159,320
2026-08-30 18:39:29,117,10,CAR,0.40,NOT DETECTED,0.00,823,251,856,280
2026-08-30 18:39:34,117,88,BUS,0.27,NOT DETECTED,0.00,689,650,907,719
2026-08-30 18:39:34,117,82,MOTORCYCLE,0.42,NOT DETECTED,0.00,957,503,990,563
2026-08-30 18:39:34,117,21,MOTORCYCLE,0.59,NOT DETECTED,0.00,791,508,826,567
2026-08-30 18:39:42,1,1,BUS,0.90,NOT DETECTED,0.00,242,401,748,657
2026-08-30 18:39:42,1,2,CAR,0.71,NOT DETECTED,0.00,1166,309,1237,353
2026-08-30 18:39:42,1,3,CAR,0.51,NOT DETECTED,0.00,871,239,905,267
2026-08-30 18:39:42,1,4,CAR,0.45,NOT DETECTED,0.00,1103,282,1158,319
2026-08-30 18:39:42,1,5,BUS,0.44,NOT DETECTED,0.00,732,207,803,263
2026-08-30 18:39:42,1,6,CAR,0.41,NOT DETECTED,0.00,974,245,1002,273
2026-08-30 18:39:42,1,7,CAR,0.26,NOT DETECTED,0.00,885,208,913,232
2026-08-30 18:39:42,1,8,CAR,0.25,NOT DETECTED,0.00,1216,292,1279,332
2026-08-30 18:39:52,2,1,BUS,0.90,NOT DETECTED,0.00,238,401,746,658
2026-08-30 18:39:52,2,2,CAR,0.69,NOT DETECTED,0.00,1167,310,1235,353
2026-08-30 18:39:52,2,3,CAR,0.51,NOT DETECTED,0.00,870,238,906,267
2026-08-30 18:39:52,2,4,CAR,0.44,NOT DETECTED,0.00,1103,282,1158,319
2026-08-30 18:39:52,2,5,BUS,0.37,NOT DETECTED,0.00,733,207,803,263
2026-08-30 18:39:52,2,6,CAR,0.39,NOT DETECTED,0.00,974,246,1002,272
2026-08-30 18:39:52,2,7,CAR,0.27,NOT DETECTED,0.00,885,208,912,232
2026-08-30 18:40:00,3,1,BUS,0.89,NOT DETECTED,0.00,232,401,743,660
2026-08-30 18:40:00,3,2,CAR,0.70,NOT DETECTED,0.00,1167,309,1235,352
2026-08-30 18:40:00,3,3,CAR,0.48,NOT DETECTED,0.00,871,239,905,268
2026-08-30 18:40:00,3,4,CAR,0.54,NOT DETECTED,0.00,1102,281,1158,319
2026-08-30 18:40:00,3,5,BUS,0.37,NOT DETECTED,0.00,733,207,802,263
2026-08-30 18:40:00,3,6,CAR,0.42,NOT DETECTED,0.00,974,246,1002,272
2026-08-30 18:40:00,3,7,CAR,0.27,NOT DETECTED,0.00,885,208,912,232
2026-08-30 18:40:07,4,1,BUS,0.88,NOT DETECTED,0.00,227,402,736,659
2026-08-30 18:40:07,4,2,CAR,0.62,NOT DETECTED,0.00,1166,309,1234,352
2026-08-30 18:40:07,4,3,CAR,0.46,NOT DETECTED,0.00,870,238,906,268
2026-08-30 18:40:07,4,4,CAR,0.30,NOT DETECTED,0.00,1101,280,1158,318
2026-08-30 18:40:07,4,5,BUS,0.35,NOT DETECTED,0.00,733,208,803,263
2026-08-30 18:40:07,4,6,CAR,0.35,NOT DETECTED,0.00,974,245,1002,272
2026-08-30 18:40:07,4,7,CAR,0.27,NOT DETECTED,0.00,885,208,912,232
2026-08-30 18:40:14,5,1,BUS,0.88,NOT DETECTED,0.00,224,402,733,660
2026-08-30 18:40:14,5,2,CAR,0.56,NOT DETECTED,0.00,1166,310,1233,352
2026-08-30 18:40:14,5,3,CAR,0.47,NOT DETECTED,0.00,869,237,906,268
2026-08-30 18:40:14,5,4,CAR,0.28,NOT DETECTED,0.00,1101,281,1156,318
2026-08-30 18:40:14,5,5,BUS,0.32,NOT DETECTED,0.00,734,208,803,263
2026-08-30 18:40:14,5,6,CAR,0.45,NOT DETECTED,0.00,974,245,1002,271
2026-08-30 18:40:14,5,10,CAR,0.31,NOT DETECTED,0.00,825,231,857,256
2026-08-30 18:40:20,6,1,BUS,0.86,NOT DETECTED,0.00,220,403,730,661
2026-08-30 18:40:20,6,2,CAR,0.69,NOT DETECTED,0.00,1165,309,1232,351
2026-08-30 18:40:20,6,3,CAR,0.58,NOT DETECTED,0.00,869,237,906,268
2026-08-30 18:40:20,6,6,CAR,0.35,NOT DETECTED,0.00,974,245,1002,271
2026-08-30 18:40:20,6,10,CAR,0.39,NOT DETECTED,0.00,825,231,857,256
2026-08-30 18:40:20,6,7,CAR,0.27,NOT DETECTED,0.00,885,208,912,232
2026-08-30 18:40:27,7,1,BUS,0.88,NOT DETECTED,0.00,215,404,726,663
2026-08-30 18:40:27,7,2,CAR,0.67,NOT DETECTED,0.00,1164,309,1231,351
2026-08-30 18:40:27,7,3,CAR,0.62,NOT DETECTED,0.00,870,238,906,268
2026-08-30 18:40:27,7,6,CAR,0.39,NOT DETECTED,0.00,974,244,1001,270
2026-08-30 18:40:27,7,10,CAR,0.42,NOT DETECTED,0.00,825,231,858,256
2026-08-30 18:40:27,7,7,CAR,0.27,NOT DETECTED,0.00,885,208,912,232
2026-08-30 18:40:33,8,1,BUS,0.86,NOT DETECTED,0.00,206,407,714,663
2026-08-30 18:40:33,8,2,CAR,0.72,NOT DETECTED,0.00,1164,309,1230,350
2026-08-30 18:40:33,8,3,CAR,0.59,NOT DETECTED,0.00,869,237,906,269
2026-08-30 18:40:33,8,6,CAR,0.33,NOT DETECTED,0.00,974,244,1001,270
2026-08-30 18:40:33,8,10,CAR,0.42,NOT DETECTED,0.00,824,230,858,256
2026-08-30 18:40:33,8,7,CAR,0.28,NOT DETECTED,0.00,885,208,912,232
2026-08-30 18:40:33,8,4,CAR,0.33,NOT DETECTED,0.00,1097,281,1149,316
2026-08-30 18:40:33,8,5,BUS,0.30,NOT DETECTED,0.00,734,209,803,264
2026-08-30 18:40:34,117,80,CAR,0.38,NOT DETECTED,0.00,1152,265,1193,299
2026-08-30 18:40:34,117,95,MOTORCYCLE,0.55,NOT DETECTED,0.00,831,398,855,435
2026-08-30 18:40:40,9,1,BUS,0.87,NOT DETECTED,0.00,204,402,722,663
2026-08-30 18:40:40,9,2,CAR,0.69,NOT DETECTED,0.00,1163,309,1229,350
2026-08-30 18:40:40,9,3,CAR,0.58,NOT DETECTED,0.00,870,237,906,269
2026-08-30 18:40:40,9,6,CAR,0.35,NOT DETECTED,0.00,973,242,1002,270
2026-08-30 18:40:40,9,10,CAR,0.41,NOT DETECTED,0.00,824,230,858,256
2026-08-30 18:40:40,9,7,CAR,0.26,NOT DETECTED,0.00,884,209,911,233
2026-08-30 18:40:40,9,5,BUS,0.25,NOT DETECTED,0.00,733,209,803,264
2026-08-30 18:40:41,118,1,BUS,0.92,NOT DETECTED,0.00,0,461,356,670
2026-08-30 18:40:45,118,39,CAR,0.79,NOT DETECTED,0.00,1218,319,1275,374
2026-08-30 18:40:45,118,5,TRUCK,0.31,NOT DETECTED,0.00,718,204,816,287
2026-08-30 18:40:45,118,40,MOTORCYCLE,0.70,NOT DETECTED,0.00,896,420,921,460
2026-08-30 18:40:45,118,17,MOTORCYCLE,0.68,NOT DETECTED,0.00,859,474,892,526
2026-08-30 18:40:45,118,60,CAR,0.66,NOT DETECTED,0.00,884,265,926,301
2026-08-30 18:40:45,118,92,CAR,0.52,NOT DETECTED,0.00,1103,285,1159,320
2026-08-30 18:40:45,118,10,CAR,0.38,NOT DETECTED,0.00,822,251,856,280
2026-08-30 18:40:45,118,82,MOTORCYCLE,0.43,NOT DETECTED,0.00,958,509,990,566
2026-08-30 18:40:45,118,21,MOTORCYCLE,0.47,NOT DETECTED,0.00,790,509,827,571
2026-08-30 18:40:45,118,80,CAR,0.33,NOT DETECTED,0.00,1152,266,1191,298
2026-08-30 18:40:45,118,95,MOTORCYCLE,0.55,NOT DETECTED,0.00,830,395,857,437
2026-08-30 18:40:47,10,1,BUS,0.87,NOT DETECTED,0.00,202,401,725,663
2026-08-30 18:40:47,10,2,CAR,0.73,NOT DETECTED,0.00,1162,308,1228,349
2026-08-30 18:40:47,10,3,CAR,0.57,NOT DETECTED,0.00,871,239,905,269
2026-08-30 18:40:47,10,6,CAR,0.32,NOT DETECTED,0.00,972,240,1003,269
2026-08-30 18:40:47,10,10,CAR,0.38,NOT DETECTED,0.00,824,230,857,256
2026-08-30 18:40:47,10,7,CAR,0.26,NOT DETECTED,0.00,884,208,912,233
2026-08-30 18:40:47,10,5,BUS,0.28,NOT DETECTED,0.00,733,209,802,265
2026-08-30 18:40:53,119,1,BUS,0.93,NOT DETECTED,0.00,0,462,350,668
2026-08-30 18:40:53,119,39,CAR,0.81,NOT DETECTED,0.00,1218,319,1275,373
2026-08-30 18:40:53,119,5,TRUCK,0.30,NOT DETECTED,0.00,718,204,816,287
2026-08-30 18:40:53,119,40,MOTORCYCLE,0.74,NOT DETECTED,0.00,896,419,922,461
2026-08-30 18:40:55,11,1,BUS,0.87,NOT DETECTED,0.00,200,401,724,664
2026-08-30 18:40:55,11,2,CAR,0.73,NOT DETECTED,0.00,1160,307,1229,349
2026-08-30 18:40:55,11,3,CAR,0.55,NOT DETECTED,0.00,873,244,903,269
2026-08-30 18:40:55,11,6,CAR,0.35,NOT DETECTED,0.00,972,240,1003,269
2026-08-30 18:40:55,11,10,CAR,0.57,NOT DETECTED,0.00,823,230,856,256
2026-08-30 18:40:55,11,7,CAR,0.29,NOT DETECTED,0.00,884,208,912,233
2026-08-30 18:40:55,11,5,BUS,0.27,NOT DETECTED,0.00,733,209,802,265
2026-08-30 18:40:55,11,8,CAR,0.27,NOT DETECTED,0.00,1208,287,1276,331
2026-08-30 18:40:55,11,4,CAR,0.44,NOT DETECTED,0.00,1095,278,1150,316
2026-08-30 18:41:02,12,1,BUS,0.86,NOT DETECTED,0.00,197,401,720,663
2026-08-30 18:41:02,12,2,CAR,0.72,NOT DETECTED,0.00,1159,305,1230,349
2026-08-30 18:41:02,12,3,CAR,0.51,NOT DETECTED,0.00,875,247,902,270
2026-08-30 18:41:02,12,6,CAR,0.36,NOT DETECTED,0.00,972,240,1003,269
2026-08-30 18:41:02,12,10,CAR,0.53,NOT DETECTED,0.00,823,230,856,257
2026-08-30 18:41:02,12,7,CAR,0.26,NOT DETECTED,0.00,883,209,911,233
2026-08-30 18:41:02,12,5,BUS,0.26,NOT DETECTED,0.00,733,209,802,265
2026-08-30 18:41:02,12,8,CAR,0.31,NOT DETECTED,0.00,1209,288,1276,330
2026-08-30 18:41:02,12,4,CAR,0.36,NOT DETECTED,0.00,1096,278,1150,315
2026-08-30 18:41:09,13,1,BUS,0.87,NOT DETECTED,0.00,192,402,718,663
2026-08-30 18:41:09,13,2,CAR,0.78,NOT DETECTED,0.00,1158,304,1230,349
2026-08-30 18:41:09,13,3,CAR,0.48,NOT DETECTED,0.00,874,247,902,270
2026-08-30 18:41:09,13,10,CAR,0.54,NOT DETECTED,0.00,822,230,856,257
2026-08-30 18:41:09,13,7,CAR,0.26,NOT DETECTED,0.00,883,209,911,233
2026-08-30 18:41:09,13,5,BUS,0.38,NOT DETECTED,0.00,731,208,802,265
2026-08-30 18:41:09,13,8,CAR,0.38,NOT DETECTED,0.00,1209,289,1275,330
2026-08-30 18:41:09,13,4,CAR,0.29,NOT DETECTED,0.00,1097,278,1147,313
2026-08-30 18:41:13,119,17,MOTORCYCLE,0.68,NOT DETECTED,0.00,860,477,894,528
2026-08-30 18:41:13,119,60,CAR,0.55,NOT DETECTED,0.00,884,265,927,302
2026-08-30 18:41:16,14,1,BUS,0.87,NOT DETECTED,0.00,192,408,703,660
2026-08-30 18:41:16,14,2,CAR,0.74,NOT DETECTED,0.00,1158,304,1229,349
2026-08-30 18:41:16,14,3,CAR,0.50,NOT DETECTED,0.00,872,244,905,270
2026-08-30 18:41:16,14,10,CAR,0.52,NOT DETECTED,0.00,823,231,856,257
2026-08-30 18:41:16,14,5,BUS,0.30,NOT DETECTED,0.00,731,207,802,265
2026-08-30 18:41:16,14,8,CAR,0.31,NOT DETECTED,0.00,1203,283,1277,329
2026-08-30 18:41:17,119,92,CAR,0.57,NOT DETECTED,0.00,1103,286,1157,319
2026-08-30 18:41:17,119,10,CAR,0.36,NOT DETECTED,0.00,822,251,856,281
2026-08-30 18:41:17,119,82,MOTORCYCLE,0.56,NOT DETECTED,0.00,960,512,992,570
2026-08-30 18:41:17,119,21,MOTORCYCLE,0.47,NOT DETECTED,0.00,797,513,837,576
2026-08-30 18:41:17,119,95,MOTORCYCLE,0.66,NOT DETECTED,0.00,829,393,859,439
2026-08-30 18:41:23,15,1,BUS,0.88,NOT DETECTED,0.00,175,411,687,660
2026-08-30 18:41:23,15,2,CAR,0.78,NOT DETECTED,0.00,1158,304,1228,348
2026-08-30 18:41:23,15,3,CAR,0.54,NOT DETECTED,0.00,869,239,907,270
2026-08-30 18:41:23,15,10,CAR,0.57,NOT DETECTED,0.00,823,231,856,257
2026-08-30 18:41:23,15,5,BUS,0.38,NOT DETECTED,0.00,730,207,802,264
2026-08-30 18:41:23,15,8,CAR,0.37,NOT DETECTED,0.00,1206,285,1276,329
2026-08-30 18:41:23,15,4,CAR,0.31,NOT DETECTED,0.00,1096,277,1146,312
2026-08-30 18:41:24,120,1,BUS,0.93,NOT DETECTED,0.00,0,463,344,667
2026-08-30 18:41:24,120,39,CAR,0.80,NOT DETECTED,0.00,1217,319,1275,373
2026-08-30 18:41:28,120,5,TRUCK,0.28,NOT DETECTED,0.00,718,204,816,288
2026-08-30 18:41:28,120,40,MOTORCYCLE,0.71,NOT DETECTED,0.00,897,416,925,462
2026-08-30 18:41:28,120,17,MOTORCYCLE,0.64,NOT DETECTED,0.00,861,478,895,532
2026-08-30 18:41:28,120,60,CAR,0.51,NOT DETECTED,0.00,884,265,927,302
2026-08-30 18:41:28,120,92,CAR,0.58,NOT DETECTED,0.00,1103,285,1157,319
2026-08-30 18:41:28,120,10,CAR,0.38,NOT DETECTED,0.00,822,250,856,281
2026-08-30 18:41:28,120,82,MOTORCYCLE,0.62,NOT DETECTED,0.00,961,515,995,573
2026-08-30 18:41:28,120,21,MOTORCYCLE,0.51,NOT DETECTED,0.00,797,516,838,579
2026-08-30 18:41:28,120,95,MOTORCYCLE,0.64,NOT DETECTED,0.00,828,392,860,441
2026-08-30 18:41:28,120,114,MOTORCYCLE,0.37,NOT DETECTED,0.00,784,349,809,401
2026-08-30 18:41:29,16,1,BUS,0.86,NOT DETECTED,0.00,152,412,670,660
2026-08-30 18:41:29,16,2,CAR,0.71,NOT DETECTED,0.00,1157,304,1227,348
2026-08-30 18:41:29,16,3,CAR,0.51,NOT DETECTED,0.00,869,239,907,270
2026-08-30 18:41:29,16,10,CAR,0.56,NOT DETECTED,0.00,823,231,856,257
2026-08-30 18:41:29,16,5,BUS,0.30,NOT DETECTED,0.00,730,207,802,264
2026-08-30 18:41:29,16,4,CAR,0.37,NOT DETECTED,0.00,1095,277,1145,312
2026-08-30 18:41:29,16,7,CAR,0.27,NOT DETECTED,0.00,882,209,911,235
2026-08-30 18:41:35,121,1,BUS,0.92,NOT DETECTED,0.00,0,463,340,666
2026-08-30 18:41:35,121,39,CAR,0.82,NOT DETECTED,0.00,1216,319,1274,373
2026-08-30 18:41:35,121,5,TRUCK,0.31,NOT DETECTED,0.00,717,204,815,288
2026-08-30 18:41:35,121,40,MOTORCYCLE,0.56,NOT DETECTED,0.00,897,415,927,465
2026-08-30 18:41:35,121,17,MOTORCYCLE,0.65,NOT DETECTED,0.00,863,482,896,534
2026-08-30 18:41:35,121,60,CAR,0.60,NOT DETECTED,0.00,885,266,927,302
2026-08-30 18:41:35,121,92,CAR,0.53,NOT DETECTED,0.00,1103,285,1156,318
2026-08-30 18:41:35,121,10,CAR,0.33,NOT DETECTED,0.00,822,251,856,282
2026-08-30 18:41:35,121,82,MOTORCYCLE,0.61,NOT DETECTED,0.00,963,518,997,576
2026-08-30 18:41:35,121,21,MOTORCYCLE,0.51,NOT DETECTED,0.00,798,519,842,582
2026-08-30 18:41:35,121,95,MOTORCYCLE,0.63,NOT DETECTED,0.00,830,397,859,443
2026-08-30 18:41:35,121,114,MOTORCYCLE,0.37,NOT DETECTED,0.00,785,350,809,402
2026-08-30 18:41:35,121,80,CAR,0.25,NOT DETECTED,0.00,1149,266,1188,298
2026-08-30 18:41:36,17,1,BUS,0.86,NOT DETECTED,0.00,156,412,685,663
2026-08-30 18:41:36,17,2,CAR,0.67,NOT DETECTED,0.00,1159,305,1226,347
2026-08-30 18:41:36,17,3,CAR,0.49,NOT DETECTED,0.00,870,240,907,271
2026-08-30 18:41:36,17,10,CAR,0.61,NOT DETECTED,0.00,824,231,856,257
2026-08-30 18:41:36,17,5,BUS,0.31,NOT DETECTED,0.00,731,207,803,265
2026-08-30 18:41:36,17,4,CAR,0.36,NOT DETECTED,0.00,1095,277,1146,312
2026-08-30 18:41:36,17,8,CAR,0.42,NOT DETECTED,0.00,1205,286,1273,327
2026-08-30 18:41:43,18,1,BUS,0.86,NOT DETECTED,0.00,158,412,691,664
2026-08-30 18:41:43,18,2,CAR,0.63,NOT DETECTED,0.00,1159,306,1226,347
2026-08-30 18:41:43,18,3,CAR,0.57,NOT DETECTED,0.00,869,238,907,271
2026-08-30 18:41:43,18,10,CAR,0.60,NOT DETECTED,0.00,824,231,856,258
2026-08-30 18:41:43,18,5,BUS,0.41,NOT DETECTED,0.00,730,207,803,265
2026-08-30 18:41:43,18,4,CAR,0.44,NOT DETECTED,0.00,1095,277,1145,313
2026-08-30 18:41:43,18,6,CAR,0.25,NOT DETECTED,0.00,971,239,1001,268
2026-08-30 18:41:47,122,1,BUS,0.93,NOT DETECTED,0.00,0,463,337,667
2026-08-30 18:41:47,122,39,CAR,0.83,NOT DETECTED,0.00,1215,319,1274,373
2026-08-30 18:41:47,122,5,TRUCK,0.28,NOT DETECTED,0.00,717,204,815,288
2026-08-30 18:41:47,122,40,MOTORCYCLE,0.55,NOT DETECTED,0.00,898,414,927,461
2026-08-30 18:41:47,122,17,MOTORCYCLE,0.76,NOT DETECTED,0.00,865,488,897,537
2026-08-30 18:41:50,19,1,BUS,0.88,NOT DETECTED,0.00,157,413,692,665
2026-08-30 18:41:50,19,2,CAR,0.66,NOT DETECTED,0.00,1158,305,1225,346
2026-08-30 18:41:50,19,3,CAR,0.59,NOT DETECTED,0.00,868,237,908,271
2026-08-30 18:41:50,19,10,CAR,0.61,NOT DETECTED,0.00,824,231,857,258
2026-08-30 18:41:50,19,5,BUS,0.46,NOT DETECTED,0.00,731,207,803,265
2026-08-30 18:41:50,19,4,CAR,0.52,NOT DETECTED,0.00,1094,277,1145,313
2026-08-30 18:41:50,19,17,MOTORCYCLE,0.38,NOT DETECTED,0.00,793,327,812,364
2026-08-30 18:41:50,19,6,CAR,0.31,NOT DETECTED,0.00,971,239,1001,268
2026-08-30 18:41:50,19,8,CAR,0.39,NOT DETECTED,0.00,1204,285,1272,327
2026-08-30 18:41:52,122,60,CAR,0.63,NOT DETECTED,0.00,885,266,927,303
2026-08-30 18:41:52,122,92,CAR,0.64,NOT DETECTED,0.00,1101,284,1157,318
2026-08-30 18:41:52,122,10,CAR,0.31,NOT DETECTED,0.00,822,251,856,282
2026-08-30 18:41:52,122,82,MOTORCYCLE,0.53,NOT DETECTED,0.00,964,520,998,579
2026-08-30 18:41:52,122,21,MOTORCYCLE,0.60,NOT DETECTED,0.00,793,522,837,586
2026-08-30 18:41:52,122,95,MOTORCYCLE,0.59,NOT DETECTED,0.00,831,401,859,445
2026-08-30 18:41:52,122,114,MOTORCYCLE,0.27,NOT DETECTED,0.00,785,350,810,403
2026-08-30 18:41:52,122,119,CAR,0.39,NOT DETECTED,0.00,1254,281,1280,315
2026-08-30 18:41:56,20,1,BUS,0.87,NOT DETECTED,0.00,154,414,691,665
2026-08-30 18:41:56,20,2,CAR,0.69,NOT DETECTED,0.00,1157,304,1224,346
2026-08-30 18:41:56,20,3,CAR,0.68,NOT DETECTED,0.00,868,237,907,271
2026-08-30 18:41:56,20,10,CAR,0.64,NOT DETECTED,0.00,824,232,857,259
2026-08-30 18:41:56,20,5,BUS,0.30,NOT DETECTED,0.00,733,207,806,265
2026-08-30 18:41:56,20,4,CAR,0.55,NOT DETECTED,0.00,1094,277,1145,313
2026-08-30 18:41:56,20,17,MOTORCYCLE,0.39,NOT DETECTED,0.00,794,328,813,365
2026-08-30 18:41:56,20,6,CAR,0.26,NOT DETECTED,0.00,971,238,1001,267
2026-08-30 18:41:56,20,8,CAR,0.38,NOT DETECTED,0.00,1203,285,1271,326
2026-08-30 18:41:59,123,1,BUS,0.93,NOT DETECTED,0.00,0,463,332,667
2026-08-30 18:42:03,21,1,BUS,0.86,NOT DETECTED,0.00,153,414,692,666
2026-08-30 18:42:03,21,2,CAR,0.77,NOT DETECTED,0.00,1155,304,1223,346
2026-08-30 18:42:03,21,3,CAR,0.73,NOT DETECTED,0.00,868,237,907,272
2026-08-30 18:42:03,21,10,CAR,0.62,NOT DETECTED,0.00,824,232,857,259
2026-08-30 18:42:03,21,5,BUS,0.26,NOT DETECTED,0.00,733,207,806,265
2026-08-30 18:42:03,21,4,CAR,0.59,NOT DETECTED,0.00,1094,277,1146,313
2026-08-30 18:42:03,21,6,CAR,0.26,NOT DETECTED,0.00,971,239,1000,267
2026-08-30 18:42:03,21,8,CAR,0.39,NOT DETECTED,0.00,1201,285,1270,326
2026-08-30 18:42:03,123,39,CAR,0.85,NOT DETECTED,0.00,1214,319,1274,372
2026-08-30 18:42:03,123,5,TRUCK,0.32,NOT DETECTED,0.00,717,204,814,288
2026-08-30 18:42:03,123,40,MOTORCYCLE,0.46,NOT DETECTED,0.00,900,416,929,463
2026-08-30 18:42:03,123,17,MOTORCYCLE,0.73,NOT DETECTED,0.00,866,490,899,541
2026-08-30 18:42:03,123,60,CAR,0.72,NOT DETECTED,0.00,885,267,927,303
2026-08-30 18:42:03,123,92,CAR,0.60,NOT DETECTED,0.00,1102,284,1156,317
2026-08-30 18:42:03,123,10,CAR,0.29,NOT DETECTED,0.00,821,250,857,282
2026-08-30 18:42:03,123,82,MOTORCYCLE,0.57,NOT DETECTED,0.00,967,526,1000,583
2026-08-30 18:42:03,123,21,MOTORCYCLE,0.56,NOT DETECTED,0.00,792,526,835,590
2026-08-30 18:42:03,123,95,MOTORCYCLE,0.59,NOT DETECTED,0.00,830,397,861,446
2026-08-30 18:42:03,123,114,MOTORCYCLE,0.26,NOT DETECTED,0.00,786,358,809,404
2026-08-30 18:42:03,123,119,CAR,0.40,NOT DETECTED,0.00,1253,280,1279,316
2026-08-30 18:42:10,124,1,BUS,0.93,NOT DETECTED,0.00,0,463,329,668
2026-08-30 18:42:10,124,39,CAR,0.84,NOT DETECTED,0.00,1213,319,1274,372
2026-08-30 18:42:10,124,5,TRUCK,0.31,NOT DETECTED,0.00,716,204,813,288
2026-08-30 18:42:10,124,40,MOTORCYCLE,0.51,NOT DETECTED,0.00,903,422,928,462
2026-08-30 18:42:10,22,1,BUS,0.87,NOT DETECTED,0.00,148,414,688,666
2026-08-30 18:42:10,22,2,CAR,0.84,NOT DETECTED,0.00,1155,304,1223,346
2026-08-30 18:42:10,22,3,CAR,0.71,NOT DETECTED,0.00,868,237,908,272
2026-08-30 18:42:10,22,10,CAR,0.59,NOT DETECTED,0.00,824,232,857,259
2026-08-30 18:42:10,22,5,BUS,0.26,NOT DETECTED,0.00,734,207,808,265
2026-08-30 18:42:10,22,4,CAR,0.64,NOT DETECTED,0.00,1094,277,1145,313
2026-08-30 18:42:10,22,8,CAR,0.41,NOT DETECTED,0.00,1200,285,1270,326
2026-08-30 18:42:15,23,1,BUS,0.86,NOT DETECTED,0.00,143,415,685,666
2026-08-30 18:42:15,23,2,CAR,0.77,NOT DETECTED,0.00,1154,304,1222,345
2026-08-30 18:42:15,23,3,CAR,0.74,NOT DETECTED,0.00,868,237,907,272
2026-08-30 18:42:15,23,10,CAR,0.58,NOT DETECTED,0.00,824,232,857,259
2026-08-30 18:42:15,23,5,BUS,0.29,NOT DETECTED,0.00,733,207,805,265
2026-08-30 18:42:15,23,4,CAR,0.60,NOT DETECTED,0.00,1094,277,1145,312
2026-08-30 18:42:15,23,8,CAR,0.39,NOT DETECTED,0.00,1200,285,1269,326
2026-08-30 18:42:15,23,21,MOTORCYCLE,0.42,NOT DETECTED,0.00,749,341,776,380
2026-08-30 18:42:15,23,22,CAR,0.33,NOT DETECTED,0.00,1041,263,1083,283
2026-08-30 18:42:15,23,6,CAR,0.27,NOT DETECTED,0.00,972,239,1000,266
2026-08-30 18:42:22,24,1,BUS,0.86,NOT DETECTED,0.00,137,414,686,666
2026-08-30 18:42:22,24,2,CAR,0.77,NOT DETECTED,0.00,1154,304,1222,345
2026-08-30 18:42:22,24,3,CAR,0.75,NOT DETECTED,0.00,868,237,907,273
2026-08-30 18:42:22,24,10,CAR,0.54,NOT DETECTED,0.00,824,232,857,259
2026-08-30 18:42:22,24,5,BUS,0.36,NOT DETECTED,0.00,731,207,803,265
2026-08-30 18:42:22,24,4,CAR,0.41,NOT DETECTED,0.00,1094,277,1144,312
2026-08-30 18:42:22,24,8,CAR,0.40,NOT DETECTED,0.00,1200,284,1269,326
2026-08-30 18:42:22,24,21,MOTORCYCLE,0.45,NOT DETECTED,0.00,751,344,777,382
2026-08-30 18:42:22,24,22,CAR,0.50,NOT DETECTED,0.00,1042,262,1083,283
2026-08-30 18:42:22,24,17,MOTORCYCLE,0.34,NOT DETECTED,0.00,793,329,814,370
2026-08-30 18:42:29,25,1,BUS,0.85,NOT DETECTED,0.00,129,414,682,667
2026-08-30 18:42:29,25,2,CAR,0.76,NOT DETECTED,0.00,1154,304,1222,346
2026-08-30 18:42:29,25,3,CAR,0.73,NOT DETECTED,0.00,868,237,907,273
2026-08-30 18:42:29,25,10,CAR,0.63,NOT DETECTED,0.00,824,232,856,259
2026-08-30 18:42:29,25,5,BUS,0.33,NOT DETECTED,0.00,730,207,802,265
2026-08-30 18:42:29,25,4,CAR,0.32,NOT DETECTED,0.00,1095,277,1143,311
2026-08-30 18:42:29,25,8,CAR,0.37,NOT DETECTED,0.00,1199,283,1269,325
2026-08-30 18:42:29,25,21,MOTORCYCLE,0.45,NOT DETECTED,0.00,753,348,777,383
2026-08-30 18:42:29,25,22,CAR,0.41,NOT DETECTED,0.00,1042,262,1083,283
2026-08-30 18:42:32,124,17,MOTORCYCLE,0.70,NOT DETECTED,0.00,866,489,901,544
2026-08-30 18:42:32,124,60,CAR,0.71,NOT DETECTED,0.00,885,267,927,303
2026-08-30 18:42:36,124,92,CAR,0.54,NOT DETECTED,0.00,1103,287,1154,317
2026-08-30 18:42:36,124,10,CAR,0.26,NOT DETECTED,0.00,822,251,857,283
2026-08-30 18:42:36,124,82,MOTORCYCLE,0.67,NOT DETECTED,0.00,967,528,1002,587
2026-08-30 18:42:37,26,1,BUS,0.80,NOT DETECTED,0.00,124,414,678,667
2026-08-30 18:42:37,26,2,CAR,0.70,NOT DETECTED,0.00,1153,304,1221,345
2026-08-30 18:42:37,26,3,CAR,0.69,NOT DETECTED,0.00,868,237,907,274
2026-08-30 18:42:37,26,10,CAR,0.54,NOT DETECTED,0.00,824,232,856,259
2026-08-30 18:42:37,26,5,BUS,0.42,NOT DETECTED,0.00,729,207,801,265
2026-08-30 18:42:37,26,4,CAR,0.35,NOT DETECTED,0.00,1097,277,1143,310
2026-08-30 18:42:37,26,8,CAR,0.35,NOT DETECTED,0.00,1205,284,1271,325
2026-08-30 18:42:37,26,21,MOTORCYCLE,0.37,NOT DETECTED,0.00,754,350,778,385
2026-08-30 18:42:37,26,22,CAR,0.42,NOT DETECTED,0.00,1043,262,1082,282
2026-08-30 18:42:37,26,23,MOTORCYCLE,0.35,NOT DETECTED,0.00,865,349,883,382
2026-08-30 18:42:42,124,21,MOTORCYCLE,0.50,NOT DETECTED,0.00,791,527,836,594
2026-08-30 18:42:42,124,95,MOTORCYCLE,0.69,NOT DETECTED,0.00,830,396,862,448
2026-08-30 18:42:42,124,114,MOTORCYCLE,0.29,NOT DETECTED,0.00,785,354,810,405
2026-08-30 18:42:42,124,119,CAR,0.34,NOT DETECTED,0.00,1253,281,1279,315
2026-08-30 18:42:46,27,1,BUS,0.82,NOT DETECTED,0.00,122,415,675,666
2026-08-30 18:42:46,27,2,CAR,0.73,NOT DETECTED,0.00,1153,304,1221,345
2026-08-30 18:42:46,27,3,CAR,0.64,NOT DETECTED,0.00,869,237,907,274
2026-08-30 18:42:46,27,10,CAR,0.55,NOT DETECTED,0.00,824,233,856,259
2026-08-30 18:42:46,27,5,BUS,0.30,NOT DETECTED,0.00,729,207,800,265
2026-08-30 18:42:46,27,4,CAR,0.51,NOT DETECTED,0.00,1098,277,1144,310
2026-08-30 18:42:46,27,8,CAR,0.53,NOT DETECTED,0.00,1210,285,1272,325
2026-08-30 18:42:46,27,21,MOTORCYCLE,0.38,NOT DETECTED,0.00,754,351,779,386
2026-08-30 18:42:46,27,22,CAR,0.50,NOT DETECTED,0.00,1043,262,1082,282
2026-08-30 18:42:46,27,23,MOTORCYCLE,0.36,NOT DETECTED,0.00,867,352,884,383
2026-08-30 18:42:46,27,6,CAR,0.26,NOT DETECTED,0.00,973,241,998,266
2026-08-30 18:42:46,27,17,MOTORCYCLE,0.32,NOT DETECTED,0.00,794,335,814,373
2026-08-30 18:42:50,125,1,BUS,0.94,NOT DETECTED,0.00,0,463,325,669
2026-08-30 18:42:50,125,39,CAR,0.83,NOT DETECTED,0.00,1213,319,1274,371
2026-08-30 18:42:54,28,1,BUS,0.70,NOT DETECTED,0.00,118,415,673,666
2026-08-30 18:42:54,28,2,CAR,0.71,NOT DETECTED,0.00,1152,304,1220,345
2026-08-30 18:42:54,28,3,CAR,0.61,NOT DETECTED,0.00,871,240,907,274
2026-08-30 18:42:54,28,10,CAR,0.51,NOT DETECTED,0.00,824,233,855,259
2026-08-30 18:42:54,28,5,BUS,0.26,NOT DETECTED,0.00,729,207,801,266
2026-08-30 18:42:54,28,4,CAR,0.46,NOT DETECTED,0.00,1097,277,1144,311
2026-08-30 18:42:54,28,8,CAR,0.51,NOT DETECTED,0.00,1209,285,1271,325
2026-08-30 18:42:54,28,21,MOTORCYCLE,0.51,NOT DETECTED,0.00,754,350,780,388
2026-08-30 18:42:54,28,22,CAR,0.49,NOT DETECTED,0.00,1042,262,1083,282
2026-08-30 18:42:54,28,23,MOTORCYCLE,0.30,NOT DETECTED,0.00,868,355,884,383
2026-08-30 18:42:54,28,17,MOTORCYCLE,0.32,NOT DETECTED,0.00,795,338,814,374
2026-08-30 18:42:56,125,5,TRUCK,0.36,NOT DETECTED,0.00,715,205,812,289
2026-08-30 18:42:56,125,40,MOTORCYCLE,0.51,NOT DETECTED,0.00,903,426,931,471
2026-08-30 18:42:56,125,17,MOTORCYCLE,0.77,NOT DETECTED,0.00,868,489,904,547
2026-08-30 18:42:56,125,60,CAR,0.71,NOT DETECTED,0.00,885,267,927,303
2026-08-30 18:42:56,125,92,CAR,0.46,NOT DETECTED,0.00,1103,287,1152,316
2026-08-30 18:42:56,125,10,CAR,0.26,NOT DETECTED,0.00,822,251,857,283
2026-08-30 18:42:56,125,82,MOTORCYCLE,0.69,NOT DETECTED,0.00,968,529,1004,591
2026-08-30 18:42:56,125,21,MOTORCYCLE,0.50,NOT DETECTED,0.00,791,529,836,598
2026-08-30 18:42:56,125,95,MOTORCYCLE,0.67,NOT DETECTED,0.00,832,404,861,451
2026-08-30 18:42:56,125,114,MOTORCYCLE,0.31,NOT DETECTED,0.00,788,360,809,405
2026-08-30 18:42:56,125,119,CAR,0.29,NOT DETECTED,0.00,1253,281,1278,315
2026-08-30 18:43:02,29,1,BUS,0.68,NOT DETECTED,0.00,115,415,672,666
2026-08-30 18:43:02,29,2,CAR,0.81,NOT DETECTED,0.00,1151,304,1219,345
2026-08-30 18:43:02,29,3,CAR,0.61,NOT DETECTED,0.00,872,242,906,274
2026-08-30 18:43:02,29,10,CAR,0.51,NOT DETECTED,0.00,824,234,855,259
2026-08-30 18:43:02,29,4,CAR,0.34,NOT DETECTED,0.00,1098,276,1144,311
2026-08-30 18:43:02,29,8,CAR,0.59,NOT DETECTED,0.00,1209,285,1269,324
2026-08-30 18:43:02,29,21,MOTORCYCLE,0.65,NOT DETECTED,0.00,754,350,781,388
2026-08-30 18:43:02,29,22,CAR,0.44,NOT DETECTED,0.00,1043,262,1082,282
2026-08-30 18:43:02,29,17,MOTORCYCLE,0.41,NOT DETECTED,0.00,795,338,814,375
2026-08-30 18:43:11,30,1,BUS,0.64,NOT DETECTED,0.00,112,416,670,667
2026-08-30 18:43:11,30,2,CAR,0.82,NOT DETECTED,0.00,1151,304,1219,344
2026-08-30 18:43:11,30,3,CAR,0.61,NOT DETECTED,0.00,872,243,906,274
2026-08-30 18:43:11,30,10,CAR,0.52,NOT DETECTED,0.00,824,234,855,259
2026-08-30 18:43:11,30,4,CAR,0.45,NOT DETECTED,0.00,1098,275,1144,310
2026-08-30 18:43:11,30,8,CAR,0.55,NOT DETECTED,0.00,1209,285,1268,324
2026-08-30 18:43:11,30,21,MOTORCYCLE,0.60,NOT DETECTED,0.00,754,350,782,389
2026-08-30 18:43:11,30,22,CAR,0.42,NOT DETECTED,0.00,1043,262,1081,281
2026-08-30 18:43:11,30,17,MOTORCYCLE,0.50,NOT DETECTED,0.00,795,338,815,376
2026-08-30 18:43:11,30,6,CAR,0.30,NOT DETECTED,0.00,972,241,998,265
2026-08-30 18:43:11,30,5,BUS,0.31,NOT DETECTED,0.00,729,207,801,267
2026-08-30 18:43:19,31,1,BUS,0.31,NOT DETECTED,0.00,106,416,668,667
2026-08-30 18:43:19,31,2,CAR,0.82,NOT DETECTED,0.00,1150,303,1218,344
2026-08-30 18:43:19,31,3,CAR,0.65,NOT DETECTED,0.00,873,243,906,275
2026-08-30 18:43:19,31,10,CAR,0.52,NOT DETECTED,0.00,824,234,855,259
2026-08-30 18:43:19,31,4,CAR,0.48,NOT DETECTED,0.00,1098,275,1144,310
2026-08-30 18:43:19,31,8,CAR,0.55,NOT DETECTED,0.00,1203,283,1264,324
2026-08-30 18:43:19,31,21,MOTORCYCLE,0.52,NOT DETECTED,0.00,754,350,782,390
2026-08-30 18:43:19,31,22,CAR,0.34,NOT DETECTED,0.00,1043,262,1081,281
2026-08-30 18:43:19,31,17,MOTORCYCLE,0.32,NOT DETECTED,0.00,797,342,815,377
2026-08-30 18:43:19,31,5,BUS,0.34,NOT DETECTED,0.00,729,207,800,267
2026-08-30 18:43:28,32,2,CAR,0.80,NOT DETECTED,0.00,1149,303,1218,344
2026-08-30 18:43:28,32,3,CAR,0.57,NOT DETECTED,0.00,872,243,907,275
2026-08-30 18:43:28,32,10,CAR,0.55,NOT DETECTED,0.00,824,234,855,260
2026-08-30 18:43:28,32,4,CAR,0.58,NOT DETECTED,0.00,1095,274,1143,310
2026-08-30 18:43:28,32,8,CAR,0.54,NOT DETECTED,0.00,1200,283,1262,324
2026-08-30 18:43:28,32,21,MOTORCYCLE,0.50,NOT DETECTED,0.00,754,350,782,390
2026-08-30 18:43:28,32,22,CAR,0.29,NOT DETECTED,0.00,1044,262,1081,281
2026-08-30 18:43:28,32,17,MOTORCYCLE,0.39,NOT DETECTED,0.00,796,338,817,377
2026-08-30 18:43:28,32,5,BUS,0.34,NOT DETECTED,0.00,729,207,800,267
2026-08-30 18:43:36,33,2,CAR,0.73,NOT DETECTED,0.00,1148,302,1217,344
2026-08-30 18:43:36,33,3,CAR,0.53,NOT DETECTED,0.00,872,242,907,275
2026-08-30 18:43:37,33,10,CAR,0.46,NOT DETECTED,0.00,825,234,855,260
2026-08-30 18:43:37,33,4,CAR,0.52,NOT DETECTED,0.00,1093,273,1142,309
2026-08-30 18:43:37,33,8,CAR,0.51,NOT DETECTED,0.00,1200,283,1261,323
2026-08-30 18:43:37,33,21,MOTORCYCLE,0.53,NOT DETECTED,0.00,754,350,782,391
2026-08-30 18:43:37,33,17,MOTORCYCLE,0.49,NOT DETECTED,0.00,797,340,817,379
2026-08-30 18:43:37,33,5,BUS,0.33,NOT DETECTED,0.00,730,207,799,266
2026-08-30 18:43:37,33,6,CAR,0.27,NOT DETECTED,0.00,971,239,999,265
2026-08-30 18:47:43,car,31,281045,0.70
2026-08-30 18:48:38,1,1,BUS,0.93,NOT DETECTED,0.00,238,394,742,660
2026-08-30 18:48:38,1,2,CAR,0.56,NOT DETECTED,0.00,1180,308,1236,352
2026-08-30 18:48:38,1,3,CAR,0.47,NOT DETECTED,0.00,871,242,904,268
2026-08-30 18:48:38,1,4,CAR,0.39,NOT DETECTED,0.00,1217,289,1278,332
2026-08-30 18:48:38,1,5,CAR,0.28,NOT DETECTED,0.00,1106,282,1158,319
2026-08-30 18:48:39,2,1,BUS,0.94,NOT DETECTED,0.00,236,394,739,660
2026-08-30 18:48:39,2,2,CAR,0.60,NOT DETECTED,0.00,1173,307,1229,351
2026-08-30 18:48:39,2,3,CAR,0.49,NOT DETECTED,0.00,871,242,904,268
2026-08-30 18:48:39,2,4,CAR,0.40,NOT DETECTED,0.00,1217,289,1277,331
2026-08-30 18:48:39,2,5,CAR,0.24,NOT DETECTED,0.00,1106,283,1157,319
2026-08-30 18:48:39,3,1,BUS,0.93,NOT DETECTED,0.00,233,396,732,659
2026-08-30 18:48:39,3,2,CAR,0.61,NOT DETECTED,0.00,1171,306,1228,350
2026-08-30 18:48:39,3,3,CAR,0.52,NOT DETECTED,0.00,870,242,904,268
2026-08-30 18:48:39,3,4,CAR,0.37,NOT DETECTED,0.00,1217,289,1277,331
2026-08-30 18:48:39,4,1,BUS,0.93,NOT DETECTED,0.00,231,398,726,658
2026-08-30 18:48:39,4,2,CAR,0.57,NOT DETECTED,0.00,1169,305,1228,350
2026-08-30 18:48:39,4,3,CAR,0.54,NOT DETECTED,0.00,870,242,904,268
2026-08-30 18:48:39,4,4,CAR,0.36,NOT DETECTED,0.00,1216,288,1277,331
2026-08-30 18:48:40,5,1,BUS,0.92,NOT DETECTED,0.00,227,398,726,660
2026-08-30 18:48:40,5,2,CAR,0.57,NOT DETECTED,0.00,1167,303,1228,350
2026-08-30 18:48:40,5,3,CAR,0.54,NOT DETECTED,0.00,870,242,904,268
2026-08-30 18:48:40,5,4,CAR,0.36,NOT DETECTED,0.00,1214,288,1276,331
2026-08-30 18:48:40,6,1,BUS,0.92,NOT DETECTED,0.00,224,401,720,661
2026-08-30 18:48:40,6,2,CAR,0.51,NOT DETECTED,0.00,1166,304,1228,351
2026-08-30 18:48:40,6,3,CAR,0.54,NOT DETECTED,0.00,871,242,904,269
2026-08-30 18:48:40,6,4,CAR,0.28,NOT DETECTED,0.00,1210,287,1274,331
2026-08-30 18:48:41,7,1,BUS,0.92,NOT DETECTED,0.00,221,401,719,661
2026-08-30 18:48:41,7,2,CAR,0.52,NOT DETECTED,0.00,1165,304,1228,351
2026-08-30 18:48:41,7,3,CAR,0.55,NOT DETECTED,0.00,870,242,905,269
2026-08-30 18:48:41,7,4,CAR,0.33,NOT DETECTED,0.00,1209,287,1272,330
2026-08-30 18:48:41,8,1,BUS,0.92,NOT DETECTED,0.00,219,403,718,662
2026-08-30 18:48:41,8,2,CAR,0.49,NOT DETECTED,0.00,1165,303,1228,350
2026-08-30 18:48:41,8,3,CAR,0.54,NOT DETECTED,0.00,870,241,906,270
2026-08-30 18:48:41,8,4,CAR,0.31,NOT DETECTED,0.00,1208,286,1272,330
2026-08-30 18:48:41,9,1,BUS,0.92,NOT DETECTED,0.00,216,403,715,662
2026-08-30 18:48:41,9,2,CAR,0.53,NOT DETECTED,0.00,1165,304,1227,349
2026-08-30 18:48:41,9,3,CAR,0.53,NOT DETECTED,0.00,870,241,906,270
2026-08-30 18:48:41,9,4,CAR,0.28,NOT DETECTED,0.00,1206,285,1273,330
2026-08-30 18:48:42,10,1,BUS,0.92,NOT DETECTED,0.00,210,403,714,664
2026-08-30 18:48:42,10,2,CAR,0.57,NOT DETECTED,0.00,1165,305,1227,349
2026-08-30 18:48:42,10,3,CAR,0.53,NOT DETECTED,0.00,870,242,906,270
2026-08-30 18:48:42,10,4,CAR,0.29,NOT DETECTED,0.00,1205,284,1273,330
2026-08-30 18:48:42,11,1,BUS,0.92,NOT DETECTED,0.00,204,403,713,665
2026-08-30 18:48:42,11,2,CAR,0.59,NOT DETECTED,0.00,1165,305,1227,349
2026-08-30 18:48:42,11,3,CAR,0.52,NOT DETECTED,0.00,870,241,906,270
2026-08-30 18:48:42,11,4,CAR,0.33,NOT DETECTED,0.00,1203,283,1274,330
2026-08-30 18:48:42,12,1,BUS,0.92,NOT DETECTED,0.00,197,400,712,665
2026-08-30 18:48:42,12,2,CAR,0.60,NOT DETECTED,0.00,1164,306,1226,349
2026-08-30 18:48:42,12,3,CAR,0.52,NOT DETECTED,0.00,869,240,906,270
2026-08-30 18:48:42,12,4,CAR,0.41,NOT DETECTED,0.00,1196,273,1280,330
2026-08-30 18:48:42,13,1,BUS,0.92,NOT DETECTED,0.00,193,401,707,665
2026-08-30 18:48:42,13,2,CAR,0.59,NOT DETECTED,0.00,1163,307,1225,349
2026-08-30 18:48:42,13,3,CAR,0.49,NOT DETECTED,0.00,870,241,905,271
2026-08-30 18:48:42,13,4,CAR,0.38,NOT DETECTED,0.00,1195,270,1280,329
2026-08-30 18:48:42,14,1,BUS,0.91,NOT DETECTED,0.00,189,402,705,665
2026-08-30 18:48:42,14,2,CAR,0.63,NOT DETECTED,0.00,1163,307,1224,349
2026-08-30 18:48:43,14,3,CAR,0.51,NOT DETECTED,0.00,869,240,906,270
2026-08-30 18:48:43,14,4,CAR,0.53,NOT DETECTED,0.00,1194,268,1280,329
2026-08-30 18:48:43,15,1,BUS,0.92,NOT DETECTED,0.00,184,402,701,664
2026-08-30 18:48:43,15,2,CAR,0.62,NOT DETECTED,0.00,1162,307,1224,348
2026-08-30 18:48:43,15,3,CAR,0.53,NOT DETECTED,0.00,869,239,906,270
2026-08-30 18:48:43,15,4,CAR,0.59,NOT DETECTED,0.00,1194,269,1280,329
2026-08-30 18:48:43,16,1,BUS,0.92,NOT DETECTED,0.00,181,403,699,664
2026-08-30 18:48:43,16,2,CAR,0.60,NOT DETECTED,0.00,1161,306,1224,348
2026-08-30 18:48:43,16,3,CAR,0.49,NOT DETECTED,0.00,868,238,907,270
2026-08-30 18:48:43,16,4,CAR,0.60,NOT DETECTED,0.00,1196,270,1279,328
2026-08-30 18:48:43,17,1,BUS,0.92,NOT DETECTED,0.00,177,403,698,665
2026-08-30 18:48:43,17,2,CAR,0.62,NOT DETECTED,0.00,1160,306,1223,348
2026-08-30 18:48:43,17,3,CAR,0.54,NOT DETECTED,0.00,868,238,907,270
2026-08-30 18:48:43,17,4,CAR,0.58,NOT DETECTED,0.00,1199,272,1277,327
2026-08-30 18:48:44,18,1,BUS,0.92,NOT DETECTED,0.00,174,405,695,666
2026-08-30 18:48:44,18,2,CAR,0.64,NOT DETECTED,0.00,1159,306,1224,348
2026-08-30 18:48:44,18,3,CAR,0.56,NOT DETECTED,0.00,869,239,906,271
2026-08-30 18:48:44,18,4,CAR,0.61,NOT DETECTED,0.00,1198,271,1277,326
2026-08-30 18:48:44,18,15,TRUCK,0.31,NOT DETECTED,0.00,732,205,803,264
2026-08-30 18:48:44,19,1,BUS,0.92,NOT DETECTED,0.00,170,406,692,666
2026-08-30 18:48:44,19,2,CAR,0.64,NOT DETECTED,0.00,1158,306,1224,348
2026-08-30 18:48:44,19,3,CAR,0.58,NOT DETECTED,0.00,870,240,906,271
2026-08-30 18:48:44,19,4,CAR,0.56,NOT DETECTED,0.00,1198,271,1276,326
2026-08-30 18:48:44,19,15,TRUCK,0.31,NOT DETECTED,0.00,732,205,804,265
2026-08-30 18:48:44,20,1,BUS,0.93,NOT DETECTED,0.00,164,406,691,667
2026-08-30 18:48:44,20,2,CAR,0.66,NOT DETECTED,0.00,1158,307,1223,348
2026-08-30 18:48:44,20,3,CAR,0.56,NOT DETECTED,0.00,871,241,906,271
2026-08-30 18:48:44,20,4,CAR,0.54,NOT DETECTED,0.00,1197,270,1276,326
2026-08-30 18:48:44,20,15,TRUCK,0.29,NOT DETECTED,0.00,731,206,804,265
2026-08-30 18:48:44,21,1,BUS,0.92,NOT DETECTED,0.00,160,407,688,668
2026-08-30 18:48:44,21,2,CAR,0.63,NOT DETECTED,0.00,1158,306,1222,347
2026-08-30 18:48:44,21,3,CAR,0.57,NOT DETECTED,0.00,871,241,906,271
2026-08-30 18:48:44,21,4,CAR,0.53,NOT DETECTED,0.00,1198,271,1275,325
2026-08-30 18:48:44,21,15,TRUCK,0.26,NOT DETECTED,0.00,731,206,802,264
2026-08-30 18:48:44,21,18,CAR,0.36,NOT DETECTED,0.00,1095,273,1146,313
2026-08-30 18:48:44,22,1,BUS,0.92,NOT DETECTED,0.00,156,408,686,668
2026-08-30 18:48:44,22,2,CAR,0.58,NOT DETECTED,0.00,1158,307,1222,346
2026-08-30 18:48:44,22,3,CAR,0.54,NOT DETECTED,0.00,871,241,906,271
2026-08-30 18:48:44,22,4,CAR,0.51,NOT DETECTED,0.00,1199,273,1273,325
2026-08-30 18:48:44,22,15,TRUCK,0.28,NOT DETECTED,0.00,731,206,803,265
2026-08-30 18:48:44,22,18,CAR,0.40,NOT DETECTED,0.00,1095,273,1145,312
2026-08-30 18:48:44,23,1,BUS,0.92,NOT DETECTED,0.00,150,408,683,668
2026-08-30 18:48:44,23,2,CAR,0.53,NOT DETECTED,0.00,1157,306,1221,346
2026-08-30 18:48:44,23,3,CAR,0.49,NOT DETECTED,0.00,871,242,906,272
2026-08-30 18:48:44,23,4,CAR,0.53,NOT DETECTED,0.00,1199,273,1272,324
2026-08-30 18:48:44,23,15,TRUCK,0.22,NOT DETECTED,0.00,731,205,801,263
2026-08-30 18:48:44,23,18,CAR,0.37,NOT DETECTED,0.00,1095,273,1145,312
2026-08-30 18:48:45,24,1,BUS,0.91,NOT DETECTED,0.00,144,409,680,669
2026-08-30 18:48:45,24,2,CAR,0.57,NOT DETECTED,0.00,1157,306,1221,345
2026-08-30 18:48:45,24,3,CAR,0.50,NOT DETECTED,0.00,871,242,906,272
2026-08-30 18:48:45,24,4,CAR,0.53,NOT DETECTED,0.00,1200,274,1272,324
2026-08-30 18:48:45,24,15,TRUCK,0.24,NOT DETECTED,0.00,732,206,803,264
2026-08-30 18:48:45,24,18,CAR,0.35,NOT DETECTED,0.00,1093,271,1145,312
2026-08-30 18:48:45,25,1,BUS,0.90,NOT DETECTED,0.00,140,410,678,669
2026-08-30 18:48:45,25,2,CAR,0.55,NOT DETECTED,0.00,1156,306,1220,344
2026-08-30 18:48:45,25,3,CAR,0.51,NOT DETECTED,0.00,871,241,906,272
2026-08-30 18:48:45,25,4,CAR,0.55,NOT DETECTED,0.00,1202,277,1271,325
2026-08-30 18:48:45,25,15,TRUCK,0.30,NOT DETECTED,0.00,734,206,808,266
2026-08-30 18:48:45,25,18,CAR,0.33,NOT DETECTED,0.00,1092,270,1146,311
2026-08-30 18:48:45,25,20,CAR,0.34,NOT DETECTED,0.00,1047,261,1080,283
2026-08-30 18:48:45,26,1,BUS,0.91,NOT DETECTED,0.00,137,410,676,669
2026-08-30 18:48:45,26,2,CAR,0.55,NOT DETECTED,0.00,1156,306,1220,344
2026-08-30 18:48:45,26,3,CAR,0.55,NOT DETECTED,0.00,871,241,907,273
2026-08-30 18:48:45,26,4,CAR,0.54,NOT DETECTED,0.00,1203,279,1269,325
2026-08-30 18:48:45,26,15,TRUCK,0.28,NOT DETECTED,0.00,734,206,810,267
2026-08-30 18:48:45,26,18,CAR,0.29,NOT DETECTED,0.00,1091,267,1148,311
2026-08-30 18:48:45,26,20,CAR,0.30,NOT DETECTED,0.00,1047,261,1079,283
2026-08-30 18:48:45,27,1,BUS,0.90,NOT DETECTED,0.00,134,410,675,669
2026-08-30 18:48:45,27,2,CAR,0.57,NOT DETECTED,0.00,1155,306,1220,344
2026-08-30 18:48:45,27,3,CAR,0.56,NOT DETECTED,0.00,871,241,907,273
2026-08-30 18:48:45,27,4,CAR,0.50,NOT DETECTED,0.00,1203,279,1268,325
2026-08-30 18:48:45,27,15,TRUCK,0.30,NOT DETECTED,0.00,734,205,811,267
2026-08-30 18:48:45,27,18,CAR,0.27,NOT DETECTED,0.00,1090,265,1149,311
2026-08-30 18:48:45,27,20,CAR,0.23,NOT DETECTED,0.00,1047,261,1079,283
2026-08-30 18:48:46,28,1,BUS,0.90,NOT DETECTED,0.00,126,408,675,669
2026-08-30 18:48:46,28,2,CAR,0.57,NOT DETECTED,0.00,1154,305,1219,344
2026-08-30 18:48:46,28,3,CAR,0.55,NOT DETECTED,0.00,871,241,908,273
2026-08-30 18:48:46,28,4,CAR,0.53,NOT DETECTED,0.00,1202,280,1267,325
2026-08-30 18:48:46,28,15,TRUCK,0.34,NOT DETECTED,0.00,734,205,813,267
2026-08-30 18:48:46,28,18,CAR,0.30,NOT DETECTED,0.00,1090,264,1150,311
2026-08-30 18:48:46,28,20,CAR,0.23,NOT DETECTED,0.00,1047,261,1080,283
2026-08-30 18:48:46,29,1,BUS,0.91,NOT DETECTED,0.00,120,409,673,671
2026-08-30 18:48:46,29,2,CAR,0.56,NOT DETECTED,0.00,1154,306,1219,344
2026-08-30 18:48:46,29,3,CAR,0.54,NOT DETECTED,0.00,871,241,908,273
2026-08-30 18:48:46,29,4,CAR,0.57,NOT DETECTED,0.00,1202,281,1264,324
2026-08-30 18:48:46,29,15,TRUCK,0.36,NOT DETECTED,0.00,734,205,814,268
2026-08-30 18:48:46,29,18,CAR,0.29,NOT DETECTED,0.00,1090,264,1150,310
2026-08-30 18:48:46,29,20,CAR,0.28,NOT DETECTED,0.00,1047,261,1080,283
2026-08-30 18:48:46,30,1,BUS,0.90,NOT DETECTED,0.00,116,413,668,672
2026-08-30 18:48:46,30,2,CAR,0.58,NOT DETECTED,0.00,1154,306,1219,343
2026-08-30 18:48:46,30,3,CAR,0.56,NOT DETECTED,0.00,871,241,908,273
2026-08-30 18:48:46,30,4,CAR,0.59,NOT DETECTED,0.00,1201,281,1264,324
2026-08-30 18:48:46,30,15,TRUCK,0.40,NOT DETECTED,0.00,733,205,815,268
2026-08-30 18:48:46,30,18,CAR,0.30,NOT DETECTED,0.00,1089,264,1150,310
2026-08-30 18:48:46,30,20,CAR,0.30,NOT DETECTED,0.00,1048,260,1080,282
2026-08-30 18:48:47,31,1,BUS,0.91,NOT DETECTED,0.00,112,414,664,672
2026-08-30 18:48:47,31,2,CAR,0.60,NOT DETECTED,0.00,1153,305,1218,343
2026-08-30 18:48:47,31,3,CAR,0.58,NOT DETECTED,0.00,871,241,908,273
2026-08-30 18:48:47,31,4,CAR,0.57,NOT DETECTED,0.00,1200,282,1262,324
2026-08-30 18:48:47,31,15,TRUCK,0.37,NOT DETECTED,0.00,734,205,816,269
2026-08-30 18:48:47,31,18,CAR,0.27,NOT DETECTED,0.00,1090,264,1150,310
2026-08-30 18:48:47,31,20,CAR,0.22,NOT DETECTED,0.00,1048,261,1079,281
2026-08-30 18:48:47,32,1,BUS,0.92,NOT DETECTED,0.00,107,414,662,672
2026-08-30 18:48:47,32,2,CAR,0.62,NOT DETECTED,0.00,1153,304,1218,342
2026-08-30 18:48:47,32,3,CAR,0.60,NOT DETECTED,0.00,872,241,908,274
2026-08-30 18:48:47,32,4,CAR,0.56,NOT DETECTED,0.00,1200,282,1261,324
2026-08-30 18:48:47,32,15,TRUCK,0.40,NOT DETECTED,0.00,733,205,816,269
2026-08-30 18:48:47,32,18,CAR,0.32,NOT DETECTED,0.00,1091,264,1151,310
2026-08-30 18:48:47,32,20,CAR,0.22,NOT DETECTED,0.00,1049,261,1079,281
2026-08-30 18:48:48,33,1,BUS,0.92,NOT DETECTED,0.00,102,414,660,672
2026-08-30 18:48:48,33,2,CAR,0.58,NOT DETECTED,0.00,1151,303,1219,342
2026-08-30 18:48:48,33,3,CAR,0.59,NOT DETECTED,0.00,872,241,909,274
2026-08-30 18:48:48,33,4,CAR,0.52,NOT DETECTED,0.00,1199,282,1259,324
2026-08-30 18:48:48,33,15,TRUCK,0.37,NOT DETECTED,0.00,733,205,817,269
2026-08-30 18:48:48,33,18,CAR,0.31,NOT DETECTED,0.00,1092,264,1152,310
2026-08-30 18:48:48,33,20,CAR,0.22,NOT DETECTED,0.00,1049,261,1078,280
2026-08-30 18:48:48,34,1,BUS,0.92,NOT DETECTED,0.00,96,414,658,673
2026-08-30 18:48:48,34,2,CAR,0.57,NOT DETECTED,0.00,1150,302,1219,342
2026-08-30 18:48:48,34,3,CAR,0.57,NOT DETECTED,0.00,872,241,909,274
2026-08-30 18:48:48,34,4,CAR,0.52,NOT DETECTED,0.00,1199,282,1258,323
2026-08-30 18:48:48,34,15,TRUCK,0.38,NOT DETECTED,0.00,732,205,817,269
2026-08-30 18:48:48,34,18,CAR,0.30,NOT DETECTED,0.00,1092,264,1152,309
2026-08-30 18:48:48,34,20,CAR,0.24,NOT DETECTED,0.00,1049,261,1079,280
2026-08-30 18:48:48,35,1,BUS,0.92,NOT DETECTED,0.00,90,415,655,674
2026-08-30 18:48:48,35,2,CAR,0.56,NOT DETECTED,0.00,1149,301,1218,342
2026-08-30 18:48:48,35,3,CAR,0.56,NOT DETECTED,0.00,873,244,908,274
2026-08-30 18:48:48,35,4,CAR,0.48,NOT DETECTED,0.00,1201,282,1258,322
2026-08-30 18:48:48,35,15,TRUCK,0.37,NOT DETECTED,0.00,732,205,817,269
2026-08-30 18:48:48,35,18,CAR,0.21,NOT DETECTED,0.00,1098,262,1152,304
2026-08-30 18:48:48,36,1,BUS,0.92,NOT DETECTED,0.00,84,416,651,675
2026-08-30 18:48:48,36,2,CAR,0.50,NOT DETECTED,0.00,1148,301,1217,341
2026-08-30 18:48:48,36,3,CAR,0.53,NOT DETECTED,0.00,874,245,907,274
2026-08-30 18:48:48,36,4,CAR,0.44,NOT DETECTED,0.00,1202,282,1258,321
2026-08-30 18:48:48,36,15,TRUCK,0.35,NOT DETECTED,0.00,732,205,817,270
2026-08-30 18:48:49,37,1,BUS,0.92,NOT DETECTED,0.00,79,416,649,674
2026-08-30 18:48:49,37,2,CAR,0.48,NOT DETECTED,0.00,1147,301,1216,342
2026-08-30 18:48:49,37,3,CAR,0.51,NOT DETECTED,0.00,874,246,908,275
2026-08-30 18:48:49,37,4,CAR,0.50,NOT DETECTED,0.00,1203,282,1258,321
2026-08-30 18:48:49,37,15,TRUCK,0.31,NOT DETECTED,0.00,732,205,817,270
2026-08-30 18:48:49,38,1,BUS,0.92,NOT DETECTED,0.00,74,415,648,675
2026-08-30 18:48:49,38,2,CAR,0.46,NOT DETECTED,0.00,1145,301,1216,342
2026-08-30 18:48:49,38,3,CAR,0.51,NOT DETECTED,0.00,874,246,908,275
2026-08-30 18:48:49,38,4,CAR,0.50,NOT DETECTED,0.00,1202,282,1256,320
2026-08-30 18:48:49,38,15,BUS,0.33,NOT DETECTED,0.00,732,205,818,270
2026-08-30 18:48:49,39,1,BUS,0.91,NOT DETECTED,0.00,67,415,645,674
2026-08-30 18:48:49,39,2,CAR,0.55,NOT DETECTED,0.00,1146,301,1215,341
2026-08-30 18:48:49,39,3,CAR,0.55,NOT DETECTED,0.00,875,249,907,275
2026-08-30 18:48:49,39,4,CAR,0.49,NOT DETECTED,0.00,1201,282,1255,320
2026-08-30 18:48:49,39,15,BUS,0.32,NOT DETECTED,0.00,732,205,818,270
2026-08-30 18:48:50,40,1,BUS,0.92,NOT DETECTED,0.00,63,414,642,673
2026-08-30 18:48:50,40,2,CAR,0.54,NOT DETECTED,0.00,1147,301,1215,341
2026-08-30 18:48:50,40,3,CAR,0.55,NOT DETECTED,0.00,876,250,907,276
2026-08-30 18:48:50,40,4,CAR,0.49,NOT DETECTED,0.00,1201,283,1254,320
2026-08-30 18:48:50,40,15,BUS,0.34,NOT DETECTED,0.00,732,205,818,270
2026-08-30 18:48:51,41,1,BUS,0.91,NOT DETECTED,0.00,55,413,642,675
2026-08-30 18:48:51,41,2,CAR,0.52,NOT DETECTED,0.00,1146,301,1214,341
2026-08-30 18:48:51,41,3,CAR,0.53,NOT DETECTED,0.00,876,251,907,276
2026-08-30 18:48:51,41,4,CAR,0.54,NOT DETECTED,0.00,1201,283,1254,320
2026-08-30 18:48:51,41,15,BUS,0.39,NOT DETECTED,0.00,732,205,819,270
2026-08-30 18:48:51,42,1,BUS,0.91,NOT DETECTED,0.00,51,413,639,674
2026-08-30 18:48:51,42,2,CAR,0.49,NOT DETECTED,0.00,1146,302,1213,341
2026-08-30 18:48:51,42,3,CAR,0.54,NOT DETECTED,0.00,876,251,907,277
2026-08-30 18:48:51,42,4,CAR,0.56,NOT DETECTED,0.00,1201,283,1253,320
2026-08-30 18:48:51,42,15,BUS,0.51,NOT DETECTED,0.00,731,205,820,270
2026-08-30 18:48:51,43,1,BUS,0.92,NOT DETECTED,0.00,46,413,638,674
2026-08-30 18:48:51,43,2,CAR,0.49,NOT DETECTED,0.00,1148,303,1211,339
2026-08-30 18:48:51,43,3,CAR,0.60,NOT DETECTED,0.00,876,252,907,277
2026-08-30 18:48:51,43,4,CAR,0.54,NOT DETECTED,0.00,1201,283,1253,320
2026-08-30 18:48:51,43,15,BUS,0.51,NOT DETECTED,0.00,731,205,820,271
2026-08-30 18:48:51,44,1,BUS,0.92,NOT DETECTED,0.00,40,411,636,673
2026-08-30 18:48:51,44,2,CAR,0.49,NOT DETECTED,0.00,1148,302,1210,337
2026-08-30 18:48:51,44,3,CAR,0.59,NOT DETECTED,0.00,876,252,907,277
2026-08-30 18:48:51,44,4,CAR,0.50,NOT DETECTED,0.00,1200,283,1251,319
2026-08-30 18:48:51,44,15,BUS,0.48,NOT DETECTED,0.00,731,205,821,271
2026-08-30 18:48:52,45,1,BUS,0.92,NOT DETECTED,0.00,31,408,635,674
2026-08-30 18:48:52,45,2,CAR,0.39,NOT DETECTED,0.00,1148,303,1210,338
2026-08-30 18:48:52,45,3,CAR,0.60,NOT DETECTED,0.00,876,252,908,277
2026-08-30 18:48:52,45,4,CAR,0.45,NOT DETECTED,0.00,1199,283,1251,319
2026-08-30 18:48:52,45,15,BUS,0.48,NOT DETECTED,0.00,730,205,821,271
2026-08-30 18:48:52,46,1,BUS,0.92,NOT DETECTED,0.00,28,409,629,674
2026-08-30 18:48:52,46,2,CAR,0.35,NOT DETECTED,0.00,1147,302,1210,338
2026-08-30 18:48:52,46,3,CAR,0.54,NOT DETECTED,0.00,874,250,909,277
2026-08-30 18:48:52,46,4,CAR,0.48,NOT DETECTED,0.00,1199,283,1249,318
2026-08-30 18:48:52,46,15,BUS,0.47,NOT DETECTED,0.00,730,205,821,272
2026-08-30 18:48:52,47,1,BUS,0.92,NOT DETECTED,0.00,25,411,622,673
2026-08-30 18:48:52,47,2,CAR,0.40,NOT DETECTED,0.00,1144,302,1209,338
2026-08-30 18:48:52,47,3,CAR,0.48,NOT DETECTED,0.00,873,248,910,278
2026-08-30 18:48:52,47,4,CAR,0.47,NOT DETECTED,0.00,1198,283,1248,318
2026-08-30 18:48:52,47,15,BUS,0.30,NOT DETECTED,0.00,730,205,821,271
2026-08-30 18:48:53,48,1,BUS,0.92,NOT DETECTED,0.00,18,409,621,674
2026-08-30 18:48:53,48,2,CAR,0.39,NOT DETECTED,0.00,1143,302,1208,339
2026-08-30 18:48:53,48,3,CAR,0.45,NOT DETECTED,0.00,872,246,911,278
2026-08-30 18:48:53,48,4,CAR,0.53,NOT DETECTED,0.00,1197,282,1248,318
2026-08-30 18:48:53,48,15,BUS,0.32,NOT DETECTED,0.00,723,206,812,271
2026-08-30 18:48:53,49,1,BUS,0.92,NOT DETECTED,0.00,13,411,616,674
2026-08-30 18:48:53,49,2,CAR,0.29,NOT DETECTED,0.00,1142,301,1208,339
2026-08-30 18:48:53,49,3,CAR,0.41,NOT DETECTED,0.00,871,245,912,278
2026-08-30 18:48:53,49,4,CAR,0.51,NOT DETECTED,0.00,1197,281,1248,318
2026-08-30 18:48:53,49,15,BUS,0.34,NOT DETECTED,0.00,724,206,811,272
2026-08-30 18:48:53,50,1,BUS,0.92,NOT DETECTED,0.00,9,413,611,675
2026-08-30 18:48:53,50,2,BUS,0.23,NOT DETECTED,0.00,1136,295,1212,339
2026-08-30 18:48:53,50,3,CAR,0.38,NOT DETECTED,0.00,873,247,911,278
2026-08-30 18:48:53,50,4,CAR,0.49,NOT DETECTED,0.00,1196,281,1247,317
2026-08-30 18:48:53,50,15,BUS,0.39,NOT DETECTED,0.00,725,206,813,272
2026-08-30 18:48:54,51,1,BUS,0.93,NOT DETECTED,0.00,6,414,610,676
2026-08-30 18:48:54,51,2,CAR,0.50,NOT DETECTED,0.00,1139,298,1208,338
2026-08-30 18:48:54,51,3,CAR,0.48,NOT DETECTED,0.00,872,248,911,279
2026-08-30 18:48:54,51,4,CAR,0.44,NOT DETECTED,0.00,1195,281,1247,317
2026-08-30 18:48:54,51,15,BUS,0.41,NOT DETECTED,0.00,722,206,807,272
2026-08-30 18:48:54,51,29,MOTORCYCLE,0.37,NOT DETECTED,0.00,879,365,905,414
2026-08-30 18:48:54,52,1,BUS,0.93,NOT DETECTED,0.00,4,415,611,678
2026-08-30 18:48:54,52,2,CAR,0.52,NOT DETECTED,0.00,1140,299,1206,338
2026-08-30 18:48:54,52,3,CAR,0.44,NOT DETECTED,0.00,872,247,910,278
2026-08-30 18:48:54,52,4,CAR,0.43,NOT DETECTED,0.00,1195,280,1246,317
2026-08-30 18:48:54,52,15,BUS,0.42,NOT DETECTED,0.00,720,206,804,272
2026-08-30 18:48:54,52,29,MOTORCYCLE,0.43,NOT DETECTED,0.00,879,367,905,414
2026-08-30 18:48:54,52,30,MOTORCYCLE,0.39,NOT DETECTED,0.00,761,368,787,418
2026-08-30 18:48:55,53,1,BUS,0.93,NOT DETECTED,0.00,0,414,613,680
2026-08-30 18:48:55,53,2,CAR,0.61,NOT DETECTED,0.00,1140,300,1205,338
2026-08-30 18:48:55,53,3,CAR,0.45,NOT DETECTED,0.00,872,246,910,278
2026-08-30 18:48:55,53,4,CAR,0.43,NOT DETECTED,0.00,1195,280,1245,317
2026-08-30 18:48:55,53,15,BUS,0.47,NOT DETECTED,0.00,720,206,801,272
2026-08-30 18:48:55,53,29,MOTORCYCLE,0.22,NOT DETECTED,0.00,880,367,906,415
2026-08-30 18:48:55,53,30,MOTORCYCLE,0.30,NOT DETECTED,0.00,762,369,788,420
2026-08-30 18:48:55,54,1,BUS,0.93,NOT DETECTED,0.00,0,413,616,682
2026-08-30 18:48:55,54,2,CAR,0.61,NOT DETECTED,0.00,1138,299,1204,337
2026-08-30 18:48:55,54,3,CAR,0.44,NOT DETECTED,0.00,872,246,910,278
2026-08-30 18:48:55,54,4,CAR,0.44,NOT DETECTED,0.00,1194,279,1245,316
2026-08-30 18:48:55,54,15,BUS,0.48,NOT DETECTED,0.00,720,206,799,272
2026-08-30 18:48:55,54,29,MOTORCYCLE,0.37,NOT DETECTED,0.00,881,367,907,416
2026-08-30 18:48:55,54,30,MOTORCYCLE,0.23,NOT DETECTED,0.00,763,371,789,421
2026-08-30 18:48:55,55,1,BUS,0.93,NOT DETECTED,0.00,0,414,615,684
2026-08-30 18:48:55,55,2,CAR,0.61,NOT DETECTED,0.00,1138,298,1204,337
2026-08-30 18:48:55,55,3,CAR,0.41,NOT DETECTED,0.00,872,246,910,278
2026-08-30 18:48:55,55,4,CAR,0.47,NOT DETECTED,0.00,1194,279,1244,316
2026-08-30 18:48:55,55,15,BUS,0.48,NOT DETECTED,0.00,720,206,798,272
2026-08-30 18:48:55,55,29,MOTORCYCLE,0.45,NOT DETECTED,0.00,881,370,908,418
2026-08-30 18:48:55,55,30,MOTORCYCLE,0.36,NOT DETECTED,0.00,765,372,790,422
2026-08-30 18:48:56,56,1,BUS,0.94,NOT DETECTED,0.00,0,412,613,683
2026-08-30 18:48:56,56,2,CAR,0.65,NOT DETECTED,0.00,1137,297,1203,337
2026-08-30 18:48:56,56,3,CAR,0.41,NOT DETECTED,0.00,872,248,911,280
2026-08-30 18:48:56,56,4,CAR,0.44,NOT DETECTED,0.00,1194,280,1242,316
2026-08-30 18:48:56,56,15,BUS,0.42,NOT DETECTED,0.00,721,206,798,271
2026-08-30 18:48:56,56,29,MOTORCYCLE,0.48,NOT DETECTED,0.00,882,371,908,419
2026-08-30 18:48:56,56,30,MOTORCYCLE,0.37,NOT DETECTED,0.00,765,374,791,423
2026-08-30 18:48:56,56,37,MOTORCYCLE,0.34,NOT DETECTED,0.00,808,360,831,405
2026-08-30 18:48:56,57,1,BUS,0.93,NOT DETECTED,0.00,0,413,609,683
2026-08-30 18:48:56,57,2,CAR,0.65,NOT DETECTED,0.00,1137,297,1202,336
2026-08-30 18:48:56,57,3,CAR,0.47,NOT DETECTED,0.00,873,250,910,281
2026-08-30 18:48:56,57,4,CAR,0.44,NOT DETECTED,0.00,1194,280,1241,315
2026-08-30 18:48:56,57,15,BUS,0.37,NOT DETECTED,0.00,722,206,797,271
2026-08-30 18:48:56,57,29,MOTORCYCLE,0.44,NOT DETECTED,0.00,881,372,909,421
2026-08-30 18:48:56,57,30,MOTORCYCLE,0.33,NOT DETECTED,0.00,765,374,791,423
2026-08-30 18:48:56,57,37,MOTORCYCLE,0.36,NOT DETECTED,0.00,809,361,832,406
2026-08-30 18:48:56,57,38,CAR,0.34,NOT DETECTED,0.00,1265,352,1279,389
2026-08-30 18:48:56,58,1,BUS,0.93,NOT DETECTED,0.00,0,412,604,680
2026-08-30 18:48:56,58,2,CAR,0.65,NOT DETECTED,0.00,1137,297,1202,336
2026-08-30 18:48:56,58,3,CAR,0.49,NOT DETECTED,0.00,873,251,911,282
2026-08-30 18:48:56,58,4,CAR,0.41,NOT DETECTED,0.00,1195,280,1240,315
2026-08-30 18:48:56,58,15,BUS,0.42,NOT DETECTED,0.00,724,206,797,271
2026-08-30 18:48:56,58,29,MOTORCYCLE,0.37,NOT DETECTED,0.00,882,373,910,422
2026-08-30 18:48:56,58,30,MOTORCYCLE,0.40,NOT DETECTED,0.00,765,374,792,425
2026-08-30 18:48:56,58,37,MOTORCYCLE,0.38,NOT DETECTED,0.00,809,360,833,407
2026-08-30 18:48:56,58,38,CAR,0.34,NOT DETECTED,0.00,1265,351,1278,389
2026-08-30 18:48:57,59,1,BUS,0.94,NOT DETECTED,0.00,0,414,600,679
2026-08-30 18:48:57,59,2,CAR,0.64,NOT DETECTED,0.00,1137,296,1202,336
2026-08-30 18:48:57,59,3,CAR,0.47,NOT DETECTED,0.00,874,252,910,282
2026-08-30 18:48:57,59,4,CAR,0.43,NOT DETECTED,0.00,1195,281,1238,315
2026-08-30 18:48:57,59,15,BUS,0.45,NOT DETECTED,0.00,724,206,797,271
2026-08-30 18:48:57,59,29,MOTORCYCLE,0.25,NOT DETECTED,0.00,884,374,913,425
2026-08-30 18:48:57,59,30,MOTORCYCLE,0.38,NOT DETECTED,0.00,765,376,792,426
2026-08-30 18:48:57,59,37,MOTORCYCLE,0.29,NOT DETECTED,0.00,810,361,834,408
2026-08-30 18:48:57,59,38,CAR,0.33,NOT DETECTED,0.00,1264,351,1278,388
2026-08-30 18:48:57,60,1,BUS,0.93,NOT DETECTED,0.00,0,417,592,677
2026-08-30 18:48:57,60,2,CAR,0.64,NOT DETECTED,0.00,1137,296,1202,335
2026-08-30 18:48:57,60,3,CAR,0.47,NOT DETECTED,0.00,874,253,910,283
2026-08-30 18:48:57,60,4,CAR,0.44,NOT DETECTED,0.00,1195,280,1237,315
2026-08-30 18:48:57,60,15,BUS,0.41,NOT DETECTED,0.00,724,207,795,272
2026-08-30 18:48:57,60,29,MOTORCYCLE,0.31,NOT DETECTED,0.00,886,376,915,427
2026-08-30 18:48:57,60,30,MOTORCYCLE,0.29,NOT DETECTED,0.00,765,377,792,427
2026-08-30 18:48:57,60,37,MOTORCYCLE,0.26,NOT DETECTED,0.00,811,363,835,409
2026-08-30 18:48:57,60,38,CAR,0.31,NOT DETECTED,0.00,1264,351,1278,388
2026-08-30 18:48:57,61,1,BUS,0.93,NOT DETECTED,0.00,2,420,586,675
2026-08-30 18:48:57,61,2,CAR,0.60,NOT DETECTED,0.00,1137,295,1202,335
2026-08-30 18:48:57,61,3,CAR,0.44,NOT DETECTED,0.00,873,252,911,283
2026-08-30 18:48:57,61,4,CAR,0.47,NOT DETECTED,0.00,1195,281,1237,314
2026-08-30 18:48:57,61,15,BUS,0.46,NOT DETECTED,0.00,724,207,795,272
2026-08-30 18:48:57,61,29,MOTORCYCLE,0.46,NOT DETECTED,0.00,887,376,916,428
2026-08-30 18:48:57,61,30,MOTORCYCLE,0.40,NOT DETECTED,0.00,767,384,791,429
2026-08-30 18:48:57,61,37,MOTORCYCLE,0.34,NOT DETECTED,0.00,812,366,835,411
2026-08-30 18:48:57,61,38,CAR,0.28,NOT DETECTED,0.00,1264,351,1278,387
2026-08-30 18:48:58,62,1,BUS,0.93,NOT DETECTED,0.00,1,420,584,675
2026-08-30 18:48:58,62,2,CAR,0.57,NOT DETECTED,0.00,1137,295,1201,335
2026-08-30 18:48:58,62,3,CAR,0.41,NOT DETECTED,0.00,874,253,911,284
2026-08-30 18:48:58,62,4,CAR,0.47,NOT DETECTED,0.00,1195,281,1236,314
2026-08-30 18:48:58,62,15,BUS,0.48,NOT DETECTED,0.00,726,206,798,273
2026-08-30 18:48:58,62,29,MOTORCYCLE,0.36,NOT DETECTED,0.00,888,377,917,430
2026-08-30 18:48:58,62,30,MOTORCYCLE,0.32,NOT DETECTED,0.00,766,386,792,431
2026-08-30 18:48:58,62,37,MOTORCYCLE,0.30,NOT DETECTED,0.00,813,369,836,413
2026-08-30 18:48:58,62,38,CAR,0.24,NOT DETECTED,0.00,1263,350,1278,387
2026-08-30 18:48:58,63,1,BUS,0.93,NOT DETECTED,0.00,0,421,580,674
2026-08-30 18:48:58,63,2,CAR,0.59,NOT DETECTED,0.00,1138,295,1201,335
2026-08-30 18:48:58,63,3,CAR,0.39,NOT DETECTED,0.00,874,254,911,284
2026-08-30 18:48:58,63,4,CAR,0.43,NOT DETECTED,0.00,1194,280,1235,313
2026-08-30 18:48:58,63,15,BUS,0.45,NOT DETECTED,0.00,727,206,799,273
2026-08-30 18:48:58,63,38,CAR,0.21,NOT DETECTED,0.00,1262,349,1277,388
2026-08-30 18:48:58,64,1,BUS,0.92,NOT DETECTED,0.00,0,421,577,674
2026-08-30 18:48:58,64,2,CAR,0.60,NOT DETECTED,0.00,1138,295,1199,334
2026-08-30 18:48:58,64,3,CAR,0.35,NOT DETECTED,0.00,875,255,910,284
2026-08-30 18:48:58,64,4,CAR,0.39,NOT DETECTED,0.00,1195,280,1234,313
2026-08-30 18:48:58,64,15,BUS,0.46,NOT DETECTED,0.00,728,207,800,273
2026-08-30 18:48:58,64,38,CAR,0.23,NOT DETECTED,0.00,1262,348,1277,388
2026-08-30 18:48:59,65,1,BUS,0.91,NOT DETECTED,0.00,0,421,571,675
2026-08-30 18:48:59,65,2,CAR,0.63,NOT DETECTED,0.00,1137,294,1199,334
2026-08-30 18:48:59,65,3,CAR,0.33,NOT DETECTED,0.00,875,255,910,284
2026-08-30 18:48:59,65,4,CAR,0.39,NOT DETECTED,0.00,1194,280,1233,313
2026-08-30 18:48:59,65,15,BUS,0.37,NOT DETECTED,0.00,731,207,803,272
2026-08-30 18:48:59,65,38,CAR,0.36,NOT DETECTED,0.00,1261,348,1277,386
2026-08-30 18:48:59,66,1,BUS,0.87,NOT DETECTED,0.00,0,422,566,676
2026-08-30 18:48:59,66,2,CAR,0.64,NOT DETECTED,0.00,1136,294,1199,334
2026-08-30 18:48:59,66,3,CAR,0.35,NOT DETECTED,0.00,875,256,910,284
2026-08-30 18:48:59,66,4,CAR,0.45,NOT DETECTED,0.00,1194,280,1233,313
2026-08-30 18:48:59,66,15,BUS,0.37,NOT DETECTED,0.00,730,207,803,273
2026-08-30 18:48:59,66,38,CAR,0.43,NOT DETECTED,0.00,1261,347,1276,385
2026-08-30 18:48:59,67,1,BUS,0.91,NOT DETECTED,0.00,0,423,562,677
2026-08-30 18:48:59,67,2,CAR,0.65,NOT DETECTED,0.00,1136,294,1199,334
2026-08-30 18:48:59,67,3,CAR,0.40,NOT DETECTED,0.00,875,256,910,284
2026-08-30 18:48:59,67,4,CAR,0.45,NOT DETECTED,0.00,1194,280,1233,312
2026-08-30 18:48:59,67,15,BUS,0.39,NOT DETECTED,0.00,730,207,804,273
2026-08-30 18:48:59,67,38,CAR,0.46,NOT DETECTED,0.00,1260,346,1276,385
2026-08-30 18:48:59,67,29,MOTORCYCLE,0.34,NOT DETECTED,0.00,893,388,920,438
2026-08-30 18:48:59,68,1,BUS,0.87,NOT DETECTED,0.00,0,426,557,678
2026-08-30 18:48:59,68,2,CAR,0.62,NOT DETECTED,0.00,1137,294,1200,334
2026-08-30 18:48:59,68,3,CAR,0.39,NOT DETECTED,0.00,875,257,911,285
2026-08-30 18:48:59,68,4,CAR,0.44,NOT DETECTED,0.00,1195,280,1232,312
2026-08-30 18:48:59,68,15,BUS,0.39,NOT DETECTED,0.00,729,207,804,274
2026-08-30 18:48:59,68,38,CAR,0.55,NOT DETECTED,0.00,1259,345,1276,385
2026-08-30 18:48:59,68,29,MOTORCYCLE,0.40,NOT DETECTED,0.00,895,390,921,439
2026-08-30 18:49:00,69,1,BUS,0.90,NOT DETECTED,0.00,0,430,552,678
2026-08-30 18:49:00,69,2,CAR,0.61,NOT DETECTED,0.00,1139,294,1200,334
2026-08-30 18:49:00,69,3,CAR,0.41,NOT DETECTED,0.00,875,257,911,285
2026-08-30 18:49:00,69,4,CAR,0.43,NOT DETECTED,0.00,1195,280,1232,312
2026-08-30 18:49:00,69,15,BUS,0.37,NOT DETECTED,0.00,727,207,802,275
2026-08-30 18:49:00,69,38,CAR,0.58,NOT DETECTED,0.00,1258,344,1276,385
2026-08-30 18:49:00,69,29,MOTORCYCLE,0.34,NOT DETECTED,0.00,896,394,922,441
2026-08-30 18:49:00,70,1,BUS,0.91,NOT DETECTED,0.00,0,433,549,679
2026-08-30 18:49:00,70,2,CAR,0.60,NOT DETECTED,0.00,1139,295,1199,334
2026-08-30 18:49:00,70,3,CAR,0.41,NOT DETECTED,0.00,875,257,912,285
2026-08-30 18:49:00,70,4,CAR,0.40,NOT DETECTED,0.00,1195,280,1231,312
2026-08-30 18:49:00,70,15,BUS,0.41,NOT DETECTED,0.00,728,207,805,276
2026-08-30 18:49:00,70,38,CAR,0.61,NOT DETECTED,0.00,1257,342,1276,384
2026-08-30 18:49:00,70,29,MOTORCYCLE,0.33,NOT DETECTED,0.00,899,401,922,444
2026-08-30 18:49:01,71,1,BUS,0.90,NOT DETECTED,0.00,0,433,549,679
2026-08-30 18:49:01,71,2,CAR,0.61,NOT DETECTED,0.00,1139,294,1198,333
2026-08-30 18:49:01,71,3,CAR,0.44,NOT DETECTED,0.00,875,256,912,286
2026-08-30 18:49:01,71,4,CAR,0.35,NOT DETECTED,0.00,1195,280,1231,312
2026-08-30 18:49:01,71,15,BUS,0.35,NOT DETECTED,0.00,728,207,805,276
2026-08-30 18:49:01,71,38,CAR,0.65,NOT DETECTED,0.00,1256,340,1277,384
2026-08-30 18:49:01,71,29,MOTORCYCLE,0.26,NOT DETECTED,0.00,899,399,924,445
2026-08-30 18:49:01,72,1,BUS,0.92,NOT DETECTED,0.00,0,434,548,679
2026-08-30 18:49:01,72,2,CAR,0.61,NOT DETECTED,0.00,1139,295,1197,333
2026-08-30 18:49:01,72,3,CAR,0.42,NOT DETECTED,0.00,875,255,913,286
2026-08-30 18:49:01,72,4,CAR,0.21,NOT DETECTED,0.00,1195,280,1229,311
2026-08-30 18:49:01,72,15,BUS,0.39,NOT DETECTED,0.00,727,207,804,277
2026-08-30 18:49:01,72,38,CAR,0.66,NOT DETECTED,0.00,1255,339,1277,384
2026-08-30 18:49:01,72,30,MOTORCYCLE,0.36,NOT DETECTED,0.00,768,395,798,450
2026-08-30 18:49:01,72,37,MOTORCYCLE,0.28,NOT DETECTED,0.00,818,385,841,427
2026-08-30 18:49:01,73,1,BUS,0.91,NOT DETECTED,0.00,0,435,548,679
2026-08-30 18:49:01,73,2,CAR,0.58,NOT DETECTED,0.00,1139,295,1195,333
2026-08-30 18:49:01,73,3,CAR,0.40,NOT DETECTED,0.00,875,255,913,286
2026-08-30 18:49:01,73,15,BUS,0.38,NOT DETECTED,0.00,727,207,805,277
2026-08-30 18:49:01,73,38,CAR,0.68,NOT DETECTED,0.00,1255,338,1277,384
2026-08-30 18:49:01,73,30,MOTORCYCLE,0.39,NOT DETECTED,0.00,768,396,799,452
2026-08-30 18:49:01,73,37,MOTORCYCLE,0.32,NOT DETECTED,0.00,820,386,842,429
2026-08-30 18:49:01,74,1,BUS,0.92,NOT DETECTED,0.00,0,435,549,680
2026-08-30 18:49:01,74,2,CAR,0.58,NOT DETECTED,0.00,1138,295,1194,332
2026-08-30 18:49:01,74,3,CAR,0.42,NOT DETECTED,0.00,875,256,913,286
2026-08-30 18:49:01,74,15,BUS,0.40,NOT DETECTED,0.00,727,207,805,277
2026-08-30 18:49:01,74,38,CAR,0.69,NOT DETECTED,0.00,1254,336,1277,384
2026-08-30 18:49:01,74,30,MOTORCYCLE,0.42,NOT DETECTED,0.00,767,396,799,454
2026-08-30 18:49:01,74,37,MOTORCYCLE,0.32,NOT DETECTED,0.00,821,388,843,431
2026-08-30 18:49:02,75,1,BUS,0.92,NOT DETECTED,0.00,0,435,547,678
2026-08-30 18:49:02,75,2,CAR,0.58,NOT DETECTED,0.00,1138,294,1194,332
2026-08-30 18:49:02,75,3,CAR,0.43,NOT DETECTED,0.00,875,256,913,286
2026-08-30 18:49:02,75,15,BUS,0.39,NOT DETECTED,0.00,727,207,805,277
2026-08-30 18:49:02,75,38,CAR,0.68,NOT DETECTED,0.00,1253,335,1277,383
2026-08-30 18:49:02,75,30,BICYCLE,0.26,NOT DETECTED,0.00,767,398,799,457
2026-08-30 18:49:02,75,37,MOTORCYCLE,0.26,NOT DETECTED,0.00,821,388,844,432
2026-08-30 18:49:02,76,1,BUS,0.92,NOT DETECTED,0.00,1,437,541,678
2026-08-30 18:49:02,76,2,CAR,0.53,NOT DETECTED,0.00,1138,294,1193,332
2026-08-30 18:49:02,76,3,CAR,0.39,NOT DETECTED,0.00,874,255,913,286
2026-08-30 18:49:02,76,15,BUS,0.41,NOT DETECTED,0.00,727,207,806,277
2026-08-30 18:49:02,76,38,CAR,0.67,NOT DETECTED,0.00,1252,334,1277,383
2026-08-30 18:49:02,76,30,BICYCLE,0.25,NOT DETECTED,0.00,767,399,798,459
2026-08-30 18:49:02,76,37,MOTORCYCLE,0.30,NOT DETECTED,0.00,822,388,845,433
2026-08-30 18:49:03,77,1,BUS,0.90,NOT DETECTED,0.00,0,438,536,679
2026-08-30 18:49:03,77,2,CAR,0.50,NOT DETECTED,0.00,1137,294,1193,332
2026-08-30 18:49:03,77,3,CAR,0.36,NOT DETECTED,0.00,874,255,913,287
2026-08-30 18:49:03,77,15,BUS,0.49,NOT DETECTED,0.00,728,207,808,278
2026-08-30 18:49:03,77,38,CAR,0.64,NOT DETECTED,0.00,1252,334,1277,383
2026-08-30 18:49:03,78,1,BUS,0.92,NOT DETECTED,0.00,0,440,532,680
2026-08-30 18:49:03,78,2,CAR,0.46,NOT DETECTED,0.00,1137,294,1193,332
2026-08-30 18:49:03,78,3,CAR,0.31,NOT DETECTED,0.00,875,255,913,287
2026-08-30 18:49:03,78,15,BUS,0.50,NOT DETECTED,0.00,728,207,809,278
2026-08-30 18:49:03,78,38,CAR,0.66,NOT DETECTED,0.00,1251,334,1277,383
2026-08-30 18:49:03,79,1,BUS,0.91,NOT DETECTED,0.00,0,441,529,679
2026-08-30 18:49:03,79,2,CAR,0.41,NOT DETECTED,0.00,1136,293,1192,332
2026-08-30 18:49:03,79,3,CAR,0.32,NOT DETECTED,0.00,874,254,914,287
2026-08-30 18:49:03,79,15,BUS,0.51,NOT DETECTED,0.00,728,207,810,279
2026-08-30 18:49:03,79,38,CAR,0.66,NOT DETECTED,0.00,1250,334,1277,383
2026-08-30 18:49:03,79,29,MOTORCYCLE,0.38,NOT DETECTED,0.00,908,417,931,460
2026-08-30 18:49:03,79,37,MOTORCYCLE,0.28,NOT DETECTED,0.00,823,390,848,439
2026-08-30 18:49:04,80,1,BUS,0.90,NOT DETECTED,0.00,0,441,529,680
2026-08-30 18:49:04,80,2,CAR,0.41,NOT DETECTED,0.00,1132,290,1191,331
2026-08-30 18:49:04,80,3,CAR,0.23,NOT DETECTED,0.00,874,254,914,287
2026-08-30 18:49:04,80,15,BUS,0.51,NOT DETECTED,0.00,728,207,811,279
2026-08-30 18:49:04,80,38,CAR,0.64,NOT DETECTED,0.00,1250,333,1277,383
2026-08-30 18:49:04,80,29,MOTORCYCLE,0.38,NOT DETECTED,0.00,909,421,932,462
2026-08-30 18:49:04,80,37,MOTORCYCLE,0.38,NOT DETECTED,0.00,824,391,849,441
2026-08-30 18:49:04,81,1,BUS,0.84,NOT DETECTED,0.00,1,441,531,679
2026-08-30 18:49:04,81,2,CAR,0.40,NOT DETECTED,0.00,1130,290,1188,331
2026-08-30 18:49:04,81,15,BUS,0.56,NOT DETECTED,0.00,728,207,812,279
2026-08-30 18:49:04,81,38,CAR,0.60,NOT DETECTED,0.00,1249,333,1277,384
2026-08-30 18:49:04,81,29,MOTORCYCLE,0.39,NOT DETECTED,0.00,909,419,934,464
2026-08-30 18:49:04,81,37,MOTORCYCLE,0.56,NOT DETECTED,0.00,825,392,851,444
2026-08-30 18:49:04,81,30,MOTORCYCLE,0.29,NOT DETECTED,0.00,768,402,800,464
2026-08-30 18:49:05,82,1,BUS,0.88,NOT DETECTED,0.00,0,442,525,678
2026-08-30 18:49:05,82,2,CAR,0.37,NOT DETECTED,0.00,1129,289,1187,330
2026-08-30 18:49:05,82,15,BUS,0.57,NOT DETECTED,0.00,728,207,812,280
2026-08-30 18:49:05,82,38,CAR,0.56,NOT DETECTED,0.00,1248,333,1277,384
2026-08-30 18:49:05,82,29,MOTORCYCLE,0.33,NOT DETECTED,0.00,910,419,936,466
2026-08-30 18:49:05,82,37,MOTORCYCLE,0.57,NOT DETECTED,0.00,825,394,852,446
2026-08-30 18:49:05,82,30,MOTORCYCLE,0.30,NOT DETECTED,0.00,768,402,800,466
2026-08-30 18:49:05,83,1,BUS,0.88,NOT DETECTED,0.00,0,443,517,679
2026-08-30 18:49:05,83,2,CAR,0.32,NOT DETECTED,0.00,1129,289,1187,329
2026-08-30 18:49:05,83,15,BUS,0.59,NOT DETECTED,0.00,728,207,813,280
2026-08-30 18:49:05,83,38,CAR,0.56,NOT DETECTED,0.00,1247,333,1277,385
2026-08-30 18:49:05,83,29,MOTORCYCLE,0.41,NOT DETECTED,0.00,910,421,937,469
2026-08-30 18:49:05,83,37,MOTORCYCLE,0.60,NOT DETECTED,0.00,825,394,852,447
2026-08-30 18:49:06,84,1,BUS,0.90,NOT DETECTED,0.00,0,444,510,679
2026-08-30 18:49:06,84,2,CAR,0.31,NOT DETECTED,0.00,1127,289,1185,329
2026-08-30 18:49:06,84,15,BUS,0.52,NOT DETECTED,0.00,727,207,812,280
2026-08-30 18:49:06,84,38,CAR,0.53,NOT DETECTED,0.00,1246,333,1276,385
2026-08-30 18:49:06,84,29,MOTORCYCLE,0.45,NOT DETECTED,0.00,912,425,939,472
2026-08-30 18:49:06,84,37,MOTORCYCLE,0.65,NOT DETECTED,0.00,826,394,853,448
2026-08-30 18:49:06,84,63,CAR,0.33,NOT DETECTED,0.00,1236,279,1278,313
2026-08-30 18:49:06,84,30,MOTORCYCLE,0.34,NOT DETECTED,0.00,771,415,799,472
2026-08-30 18:49:06,85,1,BUS,0.92,NOT DETECTED,0.00,0,445,504,679
2026-08-30 18:49:06,85,2,CAR,0.33,NOT DETECTED,0.00,1125,288,1184,329
2026-08-30 18:49:06,85,15,BUS,0.48,NOT DETECTED,0.00,726,207,811,280
2026-08-30 18:49:06,85,38,CAR,0.46,NOT DETECTED,0.00,1245,333,1276,386
2026-08-30 18:49:06,85,29,MOTORCYCLE,0.54,NOT DETECTED,0.00,913,428,939,474
2026-08-30 18:49:06,85,37,MOTORCYCLE,0.69,NOT DETECTED,0.00,826,396,854,451
2026-08-30 18:49:06,85,63,CAR,0.34,NOT DETECTED,0.00,1236,280,1278,313
2026-08-30 18:49:06,85,30,MOTORCYCLE,0.34,NOT DETECTED,0.00,772,423,799,476
2026-08-30 18:49:06,85,3,CAR,0.27,NOT DETECTED,0.00,876,258,913,289
2026-08-30 18:49:06,86,1,BUS,0.91,NOT DETECTED,0.00,0,446,497,678
2026-08-30 18:49:06,86,2,CAR,0.31,NOT DETECTED,0.00,1122,284,1187,329
2026-08-30 18:49:06,86,15,BUS,0.44,NOT DETECTED,0.00,725,207,809,280
2026-08-30 18:49:06,86,38,CAR,0.46,NOT DETECTED,0.00,1244,333,1276,386
2026-08-30 18:49:06,86,29,MOTORCYCLE,0.52,NOT DETECTED,0.00,915,434,939,477
2026-08-30 18:49:06,86,37,MOTORCYCLE,0.66,NOT DETECTED,0.00,828,399,855,452
2026-08-30 18:49:06,86,63,CAR,0.32,NOT DETECTED,0.00,1236,280,1277,312
2026-08-30 18:49:06,86,3,CAR,0.35,NOT DETECTED,0.00,877,260,913,289
2026-08-30 18:49:07,87,1,BUS,0.87,NOT DETECTED,0.00,0,447,492,677
2026-08-30 18:49:07,87,15,BUS,0.41,NOT DETECTED,0.00,724,207,807,280
2026-08-30 18:49:07,87,38,CAR,0.37,NOT DETECTED,0.00,1243,332,1276,386
2026-08-30 18:49:07,87,29,MOTORCYCLE,0.57,NOT DETECTED,0.00,916,439,940,479
2026-08-30 18:49:07,87,37,MOTORCYCLE,0.57,NOT DETECTED,0.00,829,401,856,454
2026-08-30 18:49:07,87,63,CAR,0.28,NOT DETECTED,0.00,1236,280,1277,312
2026-08-30 18:49:07,87,3,CAR,0.38,NOT DETECTED,0.00,878,261,914,289
2026-08-30 18:49:07,88,1,BUS,0.90,NOT DETECTED,0.00,0,448,488,677
2026-08-30 18:49:07,88,15,BUS,0.43,NOT DETECTED,0.00,723,207,806,281
2026-08-30 18:49:07,88,38,CAR,0.48,NOT DETECTED,0.00,1243,332,1276,386
2026-08-30 18:49:07,88,29,MOTORCYCLE,0.62,NOT DETECTED,0.00,916,437,942,481
2026-08-30 18:49:07,88,37,MOTORCYCLE,0.60,NOT DETECTED,0.00,830,404,856,455
2026-08-30 18:49:07,88,63,CAR,0.26,NOT DETECTED,0.00,1235,279,1277,312
2026-08-30 18:49:07,88,3,CAR,0.43,NOT DETECTED,0.00,878,262,914,289
2026-08-30 18:49:07,88,2,CAR,0.32,NOT DETECTED,0.00,1121,286,1182,328
2026-08-30 18:49:43,1,1,BUS,0.93,NOT DETECTED,0.00,238,394,742,660
2026-08-30 18:49:43,1,2,CAR,0.56,NOT DETECTED,0.00,1180,308,1236,352
2026-08-30 18:49:43,1,3,CAR,0.47,NOT DETECTED,0.00,871,242,904,268
2026-08-30 18:49:43,1,4,CAR,0.39,NOT DETECTED,0.00,1217,289,1278,332
2026-08-30 18:49:43,1,5,CAR,0.28,NOT DETECTED,0.00,1106,282,1158,319
2026-08-30 18:49:46,18,15,TRUCK,0.31,NOT DETECTED,0.00,732,205,803,264
2026-08-30 18:49:47,21,18,CAR,0.36,NOT DETECTED,0.00,1095,273,1146,313
2026-08-30 18:49:47,25,20,CAR,0.34,NOT DETECTED,0.00,1047,261,1080,283
2026-08-30 18:49:51,51,29,MOTORCYCLE,0.37,NOT DETECTED,0.00,879,365,905,414
2026-08-30 18:49:52,52,30,MOTORCYCLE,0.39,NOT DETECTED,0.00,761,368,787,418
2026-08-30 18:49:52,56,37,MOTORCYCLE,0.34,NOT DETECTED,0.00,808,360,831,405
2026-08-30 18:49:53,57,38,CAR,0.34,NOT DETECTED,0.00,1265,352,1279,389
2026-08-30 18:50:03,84,63,CAR,0.33,NOT DETECTED,0.00,1236,279,1278,313
2026-08-30 18:50:04,91,67,MOTORCYCLE,0.35,NOT DETECTED,0.00,870,365,894,418
2026-08-30 18:50:07,104,70,MOTORCYCLE,0.32,NOT DETECTED,0.00,825,363,847,412
2026-08-30 18:50:08,108,75,MOTORCYCLE,0.33,NOT DETECTED,0.00,777,342,803,389
2026-08-30 18:50:10,109,77,CAR,0.42,NOT DETECTED,0.00,1154,266,1197,300
2026-08-30 18:50:14,122,85,CAR,0.32,NOT DETECTED,0.00,780,231,819,262
2026-08-30 18:50:16,138,90,MOTORCYCLE,0.36,NOT DETECTED,0.00,880,358,904,409
2026-08-30 18:50:17,140,96,CAR,0.34,NOT DETECTED,0.00,1232,275,1276,309
2026-08-30 18:50:18,142,100,MOTORCYCLE,0.39,NOT DETECTED,0.00,825,371,846,404
2026-08-30 18:50:22,153,112,CAR,0.33,NOT DETECTED,0.00,823,258,862,291
2026-08-30 18:50:23,154,115,MOTORCYCLE,0.38,NOT DETECTED,0.00,824,642,894,720
2026-08-30 18:50:24,170,134,TRUCK,0.39,NOT DETECTED,0.00,0,480,113,664
2026-08-30 18:50:25,173,144,CAR,0.33,NOT DETECTED,0.00,880,256,913,291
2026-08-30 18:50:26,179,149,MOTORCYCLE,0.34,NOT DETECTED,0.00,811,420,841,480
2026-08-30 18:50:26,179,150,BUS,0.42,NOT DETECTED,0.00,706,244,768,303
2026-08-30 18:50:27,182,154,TRUCK,0.36,NOT DETECTED,0.00,0,486,56,659
2026-08-30 18:50:28,189,166,MOTORCYCLE,0.35,NOT DETECTED,0.00,820,433,850,498
2026-08-30 18:50:30,201,176,CAR,0.36,NOT DETECTED,0.00,814,228,853,255
2026-08-30 18:50:30,206,188,CAR,0.34,NOT DETECTED,0.00,864,230,904,262
2026-08-30 18:50:32,209,193,CAR,0.32,NOT DETECTED,0.00,1241,311,1279,340
2026-08-30 18:50:34,212,199,CAR,0.37,NOT DETECTED,0.00,1257,346,1278,385
2026-08-30 18:50:34,217,201,CAR,0.35,NOT DETECTED,0.00,865,231,899,250
2026-08-30 18:50:35,220,203,CAR,0.35,NOT DETECTED,0.00,1249,334,1278,384
2026-08-30 18:50:36,225,208,MOTORCYCLE,0.51,NOT DETECTED,0.00,890,429,923,487
2026-08-30 18:50:36,229,214,CAR,0.32,NOT DETECTED,0.00,1045,262,1088,286
2026-08-30 18:50:37,236,230,CAR,0.37,NOT DETECTED,0.00,756,239,792,274
2026-08-30 18:50:37,237,233,CAR,0.35,NOT DETECTED,0.00,867,234,899,254
2026-08-30 18:50:38,238,235,CAR,0.34,NOT DETECTED,0.00,1226,325,1279,379
2026-08-30 18:50:39,241,236,MOTORCYCLE,0.45,NOT DETECTED,0.00,868,560,908,638
2026-08-30 18:50:45,268,256,CAR,0.33,NOT DETECTED,0.00,812,269,855,303
2026-08-30 18:50:49,274,257,BUS,0.37,NOT DETECTED,0.00,701,268,767,344
2026-08-30 18:50:52,283,275,BUS,0.33,NOT DETECTED,0.00,702,258,768,322
2026-08-30 18:50:52,286,279,BUS,0.31,NOT DETECTED,0.00,701,256,768,323
2026-08-30 18:50:53,290,286,CAR,0.36,NOT DETECTED,0.00,872,255,907,288
2026-08-30 18:50:53,290,287,CAR,0.35,NOT DETECTED,0.00,768,263,802,294
2026-08-30 18:50:54,299,296,TRUCK,0.38,NOT DETECTED,0.00,1015,361,1098,437
2026-08-30 18:50:54,302,303,CAR,0.32,NOT DETECTED,0.00,768,258,803,297
2026-08-30 18:50:56,308,305,CAR,0.33,NOT DETECTED,0.00,793,217,823,244
2026-08-30 18:50:57,316,309,CAR,0.32,NOT DETECTED,0.00,830,286,880,324
2026-08-30 18:50:57,323,312,CAR,0.42,NOT DETECTED,0.00,1049,389,1145,474
2026-08-30 18:50:57,323,313,CAR,0.33,NOT DETECTED,0.00,994,233,1025,262
2026-08-30 18:51:00,330,320,TRUCK,0.36,NOT DETECTED,0.00,1059,394,1163,488
2026-08-30 18:51:00,330,321,CAR,0.37,NOT DETECTED,0.00,773,277,815,309
2026-08-30 18:51:03,337,330,CAR,0.32,NOT DETECTED,0.00,818,257,853,291
2026-08-30 18:51:03,338,331,TRUCK,0.37,NOT DETECTED,0.00,895,343,963,399
2026-08-30 18:51:04,341,332,TRUCK,0.36,NOT DETECTED,0.00,1081,415,1189,509
2026-08-30 18:51:04,348,336,CAR,0.46,NOT DETECTED,0.00,1095,423,1210,523
2026-08-30 18:51:05,353,340,CAR,0.40,NOT DETECTED,0.00,1107,431,1227,536
2026-08-30 18:51:06,354,343,BUS,0.31,NOT DETECTED,0.00,726,208,794,273
2026-08-30 18:51:07,358,350,TRUCK,0.45,NOT DETECTED,0.00,1120,440,1245,548
2026-08-30 18:51:08,368,363,CAR,0.31,NOT DETECTED,0.00,825,274,862,301
2026-08-30 18:51:13,376,368,TRUCK,0.48,NOT DETECTED,0.00,1167,479,1280,602
2026-08-30 18:51:13,378,371,CAR,0.34,NOT DETECTED,0.00,861,250,893,273
2026-08-30 18:51:17,395,382,TRUCK,0.35,NOT DETECTED,0.00,1193,269,1276,332
2026-08-30 18:51:18,403,390,TRUCK,0.33,NOT DETECTED,0.00,958,410,1052,491
2026-08-30 18:51:23,409,402,TRUCK,0.32,NOT DETECTED,0.00,757,237,816,294
2026-08-30 18:51:23,410,405,CAR,0.33,NOT DETECTED,0.00,722,239,757,262
2026-08-30 18:51:25,414,411,CAR,0.34,NOT DETECTED,0.00,961,373,1036,447
2026-08-30 18:51:29,416,412,CAR,0.35,NOT DETECTED,0.00,1113,256,1152,289
2026-08-30 18:51:34,422,417,TRUCK,0.42,NOT DETECTED,0.00,695,309,802,462
2026-08-30 18:51:35,428,422,TRUCK,0.35,NOT DETECTED,0.00,693,312,806,468
2026-08-30 18:51:36,439,436,CAR,0.31,NOT DETECTED,0.00,816,241,847,282
2026-08-30 18:51:36,440,438,TRUCK,0.34,NOT DETECTED,0.00,987,403,1073,488
2026-08-30 18:51:36,440,439,TRUCK,0.34,NOT DETECTED,0.00,916,354,990,413
2026-08-30 18:51:36,444,446,CAR,0.33,NOT DETECTED,0.00,777,227,813,248
2026-08-30 18:51:38,449,448,TRUCK,0.34,NOT DETECTED,0.00,996,415,1089,503
2026-08-30 18:51:39,455,451,TRUCK,0.36,NOT DETECTED,0.00,1004,424,1102,518
2026-08-30 18:51:41,470,471,CAR,0.32,NOT DETECTED,0.00,997,228,1025,250
2026-08-30 18:51:42,472,478,CAR,0.33,NOT DETECTED,0.00,1143,275,1198,306
2026-08-30 18:51:42,472,479,TRUCK,0.33,NOT DETECTED,0.00,933,311,998,369
2026-08-30 18:51:42,473,480,TRUCK,0.33,NOT DETECTED,0.00,1028,453,1143,561
2026-08-30 18:51:42,473,481,TRUCK,0.35,NOT DETECTED,0.00,681,326,802,517
2026-08-30 18:51:48,486,488,TRUCK,0.38,NOT DETECTED,0.00,670,336,794,525
2026-08-30 18:51:48,487,489,CAR,0.35,NOT DETECTED,0.00,772,268,825,332
2026-08-30 18:51:51,493,501,TRUCK,0.47,NOT DETECTED,0.00,664,340,793,534
2026-08-30 18:51:52,494,502,CAR,0.43,NOT DETECTED,0.00,1065,494,1202,623
2026-08-30 18:51:53,499,520,CAR,0.34,NOT DETECTED,0.00,777,296,823,341
2026-08-30 18:51:53,500,521,CAR,0.42,NOT DETECTED,0.00,1076,508,1223,645
2026-08-30 18:51:54,502,525,TRUCK,0.40,NOT DETECTED,0.00,646,345,798,545
2026-08-30 18:51:54,502,526,CAR,0.37,NOT DETECTED,0.00,818,258,865,297
2026-08-30 18:51:54,508,536,TRUCK,0.35,NOT DETECTED,0.00,637,350,799,552
2026-08-30 18:51:54,509,539,TRUCK,0.36,NOT DETECTED,0.00,1097,523,1256,682
2026-08-30 18:51:55,510,540,CAR,0.41,NOT DETECTED,0.00,829,277,870,305
2026-08-30 18:51:55,511,541,BUS,0.35,NOT DETECTED,0.00,1197,273,1278,375
2026-08-30 18:51:56,512,544,TRUCK,0.36,NOT DETECTED,0.00,773,278,836,350
2026-08-30 18:51:57,532,558,TRUCK,0.44,NOT DETECTED,0.00,873,450,970,553
2026-08-30 18:51:58,537,567,CAR,0.33,NOT DETECTED,0.00,882,465,978,569
2026-08-30 18:51:58,537,568,CAR,0.32,NOT DETECTED,0.00,837,288,877,314
2026-08-30 18:51:59,543,573,TRUCK,0.44,NOT DETECTED,0.00,1122,479,1278,600
2026-08-30 18:51:59,545,577,TRUCK,0.37,NOT DETECTED,0.00,988,358,1069,434
2026-08-30 18:51:59,545,578,TRUCK,0.32,NOT DETECTED,0.00,786,293,848,380
2026-08-30 18:51:59,546,581,TRUCK,0.41,NOT DETECTED,0.00,893,487,999,599
2026-08-30 18:52:00,554,597,CAR,0.42,NOT DETECTED,0.00,1138,308,1185,336
2026-08-30 18:52:00,555,599,CAR,0.48,NOT DETECTED,0.00,904,511,1023,633
2026-08-30 18:52:01,556,602,BUS,0.32,NOT DETECTED,0.00,735,206,811,267
2026-08-30 18:52:01,558,605,CAR,0.41,NOT DETECTED,0.00,774,281,810,320
2026-08-30 18:52:01,562,614,CAR,0.32,NOT DETECTED,0.00,878,267,923,293
2026-08-30 18:52:02,563,616,TRUCK,0.40,NOT DETECTED,0.00,920,538,1045,672
2026-08-30 18:52:02,568,620,BUS,0.38,NOT DETECTED,0.00,1219,544,1280,684
2026-08-30 18:52:04,590,628,CAR,0.35,NOT DETECTED,0.00,853,308,901,334
2026-08-30 18:52:09,606,636,TRUCK,0.32,NOT DETECTED,0.00,730,208,799,279
2026-08-30 18:52:10,609,640,BUS,0.40,NOT DETECTED,0.00,823,352,906,465
2026-08-30 18:52:10,612,645,TRUCK,0.32,NOT DETECTED,0.00,730,207,801,280
2026-08-30 18:52:13,614,647,TRUCK,0.44,NOT DETECTED,0.00,1070,437,1186,548
2026-08-30 18:52:14,615,648,CAR,0.53,NOT DETECTED,0.00,1257,341,1278,386
2026-08-30 18:52:14,617,651,CAR,0.32,NOT DETECTED,0.00,896,275,944,314
2026-08-30 18:52:15,623,652,CAR,0.37,NOT DETECTED,0.00,832,363,927,492
2026-08-30 18:52:15,624,653,TRUCK,0.46,NOT DETECTED,0.00,1085,454,1213,571
2026-08-30 18:52:16,626,654,TRUCK,0.37,NOT DETECTED,0.00,727,208,786,282
2026-08-30 18:52:16,633,662,CAR,0.33,NOT DETECTED,0.00,812,248,845,273
2026-08-30 18:52:17,637,670,TRUCK,0.33,NOT DETECTED,0.00,726,208,797,285
2026-08-30 18:52:18,640,675,CAR,0.45,NOT DETECTED,0.00,848,388,953,536
2026-08-30 18:52:19,644,682,CAR,0.33,NOT DETECTED,0.00,917,301,963,326
2026-08-30 18:52:19,644,683,CAR,0.31,NOT DETECTED,0.00,863,260,910,291
2026-08-30 18:52:20,648,686,BUS,0.34,NOT DETECTED,0.00,725,226,778,287
2026-08-30 18:52:21,657,691,CAR,0.37,NOT DETECTED,0.00,873,425,991,594
2026-08-30 18:52:22,667,692,CAR,0.36,NOT DETECTED,0.00,1249,384,1278,432
2026-08-30 18:52:31,684,700,CAR,0.33,NOT DETECTED,0.00,861,304,905,346
2026-08-30 18:52:36,694,706,CAR,0.34,NOT DETECTED,0.00,937,303,995,353
2026-08-30 18:52:36,695,708,CAR,0.32,NOT DETECTED,0.00,843,287,888,327
2026-08-30 18:52:39,697,711,CAR,0.33,NOT DETECTED,0.00,940,546,1122,718
2026-08-30 18:52:40,703,717,TRUCK,0.40,NOT DETECTED,0.00,1040,499,1179,628
2026-08-30 18:52:41,713,726,TRUCK,0.34,NOT DETECTED,0.00,1057,518,1212,660
2026-08-30 18:52:41,714,727,TRUCK,0.42,NOT DETECTED,0.00,1059,415,1167,506
2026-08-30 18:52:42,718,730,CAR,0.35,NOT DETECTED,0.00,951,317,1020,368
2026-08-30 18:52:44,728,739,CAR,0.47,NOT DETECTED,0.00,1083,433,1203,533
2026-08-30 18:52:45,730,745,TRUCK,0.35,NOT DETECTED,0.00,0,474,247,670
2026-08-30 18:52:45,734,747,TRUCK,0.45,NOT DETECTED,0.00,0,475,233,674
2026-08-30 18:52:46,737,750,BUS,0.34,NOT DETECTED,0.00,2,476,226,674
2026-08-30 18:52:46,739,752,CAR,0.36,NOT DETECTED,0.00,1076,301,1115,333
2026-08-30 18:52:47,741,755,CAR,0.37,NOT DETECTED,0.00,875,260,906,285
2026-08-30 18:52:49,753,770,CAR,0.33,NOT DETECTED,0.00,892,193,930,221
2026-08-30 18:52:49,753,771,TRUCK,0.44,NOT DETECTED,0.00,0,480,167,658
2026-08-30 18:52:49,754,773,TRUCK,0.41,NOT DETECTED,0.00,1142,481,1280,599
2026-08-30 18:52:50,758,779,CAR,0.39,NOT DETECTED,0.00,868,235,898,256
2026-08-30 18:52:51,762,785,CAR,0.31,NOT DETECTED,0.00,779,218,817,248
2026-08-30 18:52:51,763,787,BUS,0.36,NOT DETECTED,0.00,0,484,134,660
2026-08-30 18:52:52,771,792,BUS,0.40,NOT DETECTED,0.00,0,485,114,662
2026-08-30 18:52:52,771,793,CAR,0.38,NOT DETECTED,0.00,1256,354,1278,393
2026-08-30 18:52:57,776,798,TRUCK,0.39,NOT DETECTED,0.00,1206,533,1280,681
2026-08-30 18:52:57,777,799,TRUCK,0.53,NOT DETECTED,0.00,905,523,1039,670
2026-08-30 18:52:58,784,803,CAR,0.37,NOT DETECTED,0.00,1224,335,1278,383
2026-08-30 18:52:59,785,805,TRUCK,0.33,NOT DETECTED,0.00,958,397,1051,494
2026-08-30 18:53:05,804,820,CAR,0.39,NOT DETECTED,0.00,822,283,861,302
2026-08-30 18:53:05,804,821,TRUCK,0.39,NOT DETECTED,0.00,0,492,67,664
2026-08-30 18:53:16,817,839,CAR,0.41,NOT DETECTED,0.00,834,288,881,320
2026-08-30 18:53:16,818,841,CAR,0.41,NOT DETECTED,0.00,997,437,1107,554
2026-08-30 18:53:17,820,846,CAR,0.36,NOT DETECTED,0.00,875,261,909,286
2026-08-30 18:53:17,822,850,CAR,0.40,NOT DETECTED,0.00,1067,404,1179,490
2026-08-30 18:53:19,825,858,CAR,0.37,NOT DETECTED,0.00,1253,312,1278,349
2026-08-30 18:53:23,830,870,CAR,0.37,NOT DETECTED,0.00,1155,299,1209,342
2026-08-30 18:53:24,831,873,BUS,0.33,NOT DETECTED,0.00,727,224,770,259
2026-08-30 18:53:26,833,877,CAR,0.32,NOT DETECTED,0.00,776,281,818,316
2026-08-30 18:53:26,835,879,CAR,0.44,NOT DETECTED,0.00,1025,455,1151,592
2026-08-30 18:53:26,835,880,CAR,0.32,NOT DETECTED,0.00,824,275,860,306
2026-08-30 18:53:27,840,894,CAR,0.32,NOT DETECTED,0.00,878,267,917,290
2026-08-30 18:53:28,844,905,CAR,0.35,NOT DETECTED,0.00,1218,292,1276,335
2026-08-30 18:53:29,846,912,CAR,0.33,NOT DETECTED,0.00,998,230,1023,248
2026-08-30 18:53:29,847,917,CAR,0.34,NOT DETECTED,0.00,842,298,874,320
2026-08-30 18:53:29,848,924,CAR,0.34,NOT DETECTED,0.00,972,238,997,258
2026-08-30 18:53:30,850,928,CAR,0.49,NOT DETECTED,0.00,1054,487,1190,636
2026-08-30 18:53:30,850,929,BUS,0.32,NOT DETECTED,0.00,0,494,48,664
2026-08-30 18:53:31,854,938,CAR,0.32,NOT DETECTED,0.00,1103,288,1170,324
2026-08-30 18:53:33,857,942,TRUCK,0.38,NOT DETECTED,0.00,1067,500,1214,659
2026-08-30 18:53:33,857,943,BUS,0.34,NOT DETECTED,0.00,0,495,50,664
2026-08-30 18:53:38,872,957,CAR,0.36,NOT DETECTED,0.00,1103,536,1272,714
2026-08-30 18:53:38,874,961,TRUCK,0.31,NOT DETECTED,0.00,810,239,845,283
2026-08-30 18:53:43,882,967,TRUCK,0.31,NOT DETECTED,0.00,1131,561,1279,716
2026-08-30 18:53:45,890,973,BUS,0.32,NOT DETECTED,0.00,0,495,43,665
2026-08-30 18:53:45,891,974,TRUCK,0.40,NOT DETECTED,0.00,1162,546,1278,715
2026-08-30 18:53:45,893,978,BUS,0.33,NOT DETECTED,0.00,785,300,837,353
2026-08-30 18:53:45,893,979,CAR,0.45,NOT DETECTED,0.00,1259,344,1278,384
2026-08-30 18:53:50,910,987,TRUCK,0.44,NOT DETECTED,0.00,1062,514,1196,630
2026-08-30 18:53:51,918,991,TRUCK,0.41,NOT DETECTED,0.00,1077,529,1221,657
2026-08-30 18:53:52,924,993,CAR,0.38,NOT DETECTED,0.00,1197,309,1277,362
2026-08-30 18:53:56,936,1009,CAR,0.33,NOT DETECTED,0.00,844,299,895,342
2026-08-30 18:54:01,946,1025,CAR,0.33,NOT DETECTED,0.00,725,235,768,263
2026-08-30 18:54:03,949,1031,CAR,0.32,NOT DETECTED,0.00,881,263,921,298
2026-08-30 18:54:04,955,1034,CAR,0.37,NOT DETECTED,0.00,1139,298,1211,336
2026-08-30 18:54:05,966,1044,CAR,0.46,NOT DETECTED,0.00,1224,681,1278,719
2026-08-30 18:54:06,974,1057,TRUCK,0.34,NOT DETECTED,0.00,820,373,893,448
2026-08-30 18:54:08,977,1060,CAR,0.34,NOT DETECTED,0.00,766,258,803,300
2026-08-30 18:54:08,978,1061,TRUCK,0.34,NOT DETECTED,0.00,1194,494,1280,624
2026-08-30 18:54:08,980,1062,TRUCK,0.41,NOT DETECTED,0.00,1008,358,1090,429
2026-08-30 18:54:09,983,1070,TRUCK,0.35,NOT DETECTED,0.00,828,386,900,463
2026-08-30 18:54:10,990,1088,CAR,0.31,NOT DETECTED,0.00,824,267,877,320
2026-08-30 18:54:10,990,1089,CAR,0.41,NOT DETECTED,0.00,1151,271,1188,298
2026-08-30 18:54:10,995,1100,CAR,0.42,NOT DETECTED,0.00,1065,541,1232,674
2026-08-30 18:54:11,997,1111,CAR,0.34,NOT DETECTED,0.00,688,248,719,270
2026-08-30 18:54:11,999,1119,CAR,0.35,NOT DETECTED,0.00,834,282,884,324
2026-08-30 18:54:11,999,1121,TRUCK,0.31,NOT DETECTED,0.00,695,299,793,433
2026-08-30 18:54:15,1009,1134,TRUCK,0.34,NOT DETECTED,0.00,845,428,934,522
2026-08-30 18:54:16,1010,1136,CAR,0.33,NOT DETECTED,0.00,997,227,1025,254
2026-08-30 18:54:17,1019,1149,TRUCK,0.39,NOT DETECTED,0.00,1064,397,1167,488
2026-08-30 18:54:17,1019,1150,CAR,0.31,NOT DETECTED,0.00,812,218,848,253
2026-08-30 18:54:18,1022,1152,CAR,0.37,NOT DETECTED,0.00,840,280,890,335
2026-08-30 18:54:19,1028,1164,CAR,0.31,NOT DETECTED,0.00,723,215,773,258
2026-08-30 18:54:20,1034,1169,CAR,0.33,NOT DETECTED,0.00,869,479,975,597
2026-08-30 18:54:21,1038,1174,TRUCK,0.39,NOT DETECTED,0.00,1098,427,1216,523
2026-08-30 18:54:21,1038,1175,CAR,0.34,NOT DETECTED,0.00,842,216,874,238
2026-08-30 18:54:22,1041,1182,CAR,0.40,NOT DETECTED,0.00,878,498,990,625
2026-08-30 18:54:22,1044,1190,CAR,0.40,NOT DETECTED,0.00,1241,371,1279,428
2026-08-30 18:54:23,1046,1193,CAR,0.35,NOT DETECTED,0.00,885,512,999,644
2026-08-30 18:54:23,1046,1194,TRUCK,0.32,NOT DETECTED,0.00,845,285,907,344
2026-08-30 18:54:23,1051,1197,TRUCK,0.38,NOT DETECTED,0.00,889,525,1012,671
2026-08-30 18:54:24,1054,1199,TRUCK,0.45,NOT DETECTED,0.00,1137,451,1272,561
2026-08-30 18:54:25,1057,1204,CAR,0.31,NOT DETECTED,0.00,870,260,914,293
2026-08-30 18:54:27,1060,1206,TRUCK,0.42,NOT DETECTED,0.00,1149,462,1280,577
2026-08-30 18:54:27,1061,1208,TRUCK,0.36,NOT DETECTED,0.00,848,290,909,352
2026-08-30 18:54:32,1067,1217,TRUCK,0.38,NOT DETECTED,0.00,850,291,914,354
2026-08-30 18:54:33,1072,1219,TRUCK,0.43,NOT DETECTED,0.00,1019,481,1151,603
2026-08-30 18:54:33,1075,1221,TRUCK,0.48,NOT DETECTED,0.00,1190,495,1280,625
2026-08-30 18:54:34,1079,1226,CAR,0.33,NOT DETECTED,0.00,841,277,883,320
2026-08-30 18:54:34,1080,1227,CAR,0.37,NOT DETECTED,0.00,589,259,649,279
2026-08-30 18:54:35,1083,1230,CAR,0.36,NOT DETECTED,0.00,787,218,818,245
2026-08-30 18:54:36,1085,1235,TRUCK,0.35,NOT DETECTED,0.00,675,504,1103,713
2026-08-30 18:54:37,1088,1241,CAR,0.34,NOT DETECTED,0.00,692,244,725,269
2026-08-30 18:54:37,1090,1247,CAR,0.33,NOT DETECTED,0.00,1254,309,1279,342
2026-08-30 18:54:38,1092,1252,CAR,0.32,NOT DETECTED,0.00,865,305,925,370
2026-08-30 18:54:39,1099,1262,CAR,0.32,NOT DETECTED,0.00,870,246,902,275
2026-08-30 18:54:40,1111,1273,CAR,0.31,NOT DETECTED,0.00,831,222,866,249
2026-08-30 18:54:41,1113,1278,CAR,0.40,NOT DETECTED,0.00,1214,291,1278,332
2026-08-30 18:54:41,1113,1282,CAR,0.34,NOT DETECTED,0.00,689,333,816,510
2026-08-30 18:54:41,1117,1291,CAR,0.43,NOT DETECTED,0.00,1247,335,1279,383
2026-08-30 18:54:46,1138,1302,TRUCK,0.32,NOT DETECTED,0.00,683,337,805,523
2026-08-30 18:54:49,1144,1305,TRUCK,0.35,NOT DETECTED,0.00,679,340,799,526
2026-08-30 18:54:51,1147,1307,TRUCK,0.44,NOT DETECTED,0.00,679,339,800,526
2026-08-30 18:54:55,1151,1311,CAR,0.36,NOT DETECTED,0.00,998,228,1025,248
2026-08-30 18:54:56,1154,1316,TRUCK,0.42,NOT DETECTED,0.00,676,342,795,535
2026-08-30 18:54:57,1158,1320,TRUCK,0.42,NOT DETECTED,0.00,901,337,986,425
2026-08-30 18:54:59,1178,1334,CAR,0.34,NOT DETECTED,0.00,918,302,967,335
2026-08-30 18:54:59,1178,1335,TRUCK,0.37,NOT DETECTED,0.00,916,353,1006,448
2026-08-30 18:55:00,1182,1340,CAR,0.34,NOT DETECTED,0.00,691,248,725,270
2026-08-30 18:55:00,1183,1342,CAR,0.35,NOT DETECTED,0.00,577,258,620,281
2026-08-30 18:55:00,1187,1349,CAR,0.34,NOT DETECTED,0.00,667,242,717,272
2026-08-30 18:55:01,1189,1351,CAR,0.34,NOT DETECTED,0.00,930,367,1017,463
2026-08-30 18:55:02,1191,1354,MOTORCYCLE,0.43,NOT DETECTED,0.00,857,456,886,520
2026-08-30 18:55:02,1196,1364,CAR,0.37,NOT DETECTED,0.00,1006,261,1040,285
2026-08-30 18:55:02,1197,1366,CAR,0.33,NOT DETECTED,0.00,875,224,907,244
2026-08-30 18:55:03,1200,1371,TRUCK,0.39,NOT DETECTED,0.00,1050,526,1206,675
2026-08-30 18:55:03,1200,1372,TRUCK,0.39,NOT DETECTED,0.00,628,357,796,565
2026-08-30 18:55:03,1201,1374,BUS,0.37,NOT DETECTED,0.00,1209,269,1279,358
2026-08-30 18:55:04,1210,1392,CAR,0.32,NOT DETECTED,0.00,820,231,851,256
2026-08-30 18:55:05,1211,1393,CAR,0.37,NOT DETECTED,0.00,945,384,1055,497
2026-08-30 18:55:05,1217,1395,CAR,0.36,NOT DETECTED,0.00,714,241,745,262
2026-08-30 18:55:07,1225,1398,TRUCK,0.34,NOT DETECTED,0.00,1162,485,1280,594
2026-08-30 18:55:09,1231,1404,CAR,0.32,NOT DETECTED,0.00,817,242,852,266
2026-08-30 18:55:10,1237,1407,TRUCK,0.35,NOT DETECTED,0.00,1035,386,1140,461
2026-08-30 18:55:13,1241,1411,TRUCK,0.35,NOT DETECTED,0.00,854,400,929,493
2026-08-30 18:55:13,1241,1412,CAR,0.38,NOT DETECTED,0.00,1253,334,1278,392
2026-08-30 18:55:16,1245,1413,TRUCK,0.37,NOT DETECTED,0.00,856,403,931,499
2026-08-30 18:55:19,1249,1420,TRUCK,0.37,NOT DETECTED,0.00,1051,398,1163,481
2026-08-30 18:55:19,1250,1422,TRUCK,0.43,NOT DETECTED,0.00,907,349,983,414
2026-08-30 18:55:21,1262,1443,TRUCK,0.32,NOT DETECTED,0.00,865,425,947,531
2026-08-30 18:55:24,1264,1445,CAR,0.35,NOT DETECTED,0.00,618,257,649,278
2026-08-30 18:55:26,1269,1448,TRUCK,0.33,NOT DETECTED,0.00,1199,317,1278,372
2026-08-30 18:55:32,1295,1468,CAR,0.36,NOT DETECTED,0.00,1156,304,1233,348
2026-08-30 18:55:34,1298,1471,TRUCK,0.42,NOT DETECTED,0.00,1129,458,1280,566
2026-08-30 18:55:35,1303,1479,TRUCK,0.38,NOT DETECTED,0.00,1138,465,1280,568
2026-08-30 18:55:37,1312,1490,TRUCK,0.49,NOT DETECTED,0.00,903,513,1017,662
2026-08-30 18:55:38,1313,1493,CAR,0.32,NOT DETECTED,0.00,829,272,865,301
2026-08-30 18:55:39,1318,1499,TRUCK,0.40,NOT DETECTED,0.00,912,525,1027,684
2026-08-30 18:55:39,1321,1507,CAR,0.34,NOT DETECTED,0.00,623,258,650,277
2026-08-30 18:55:43,1334,1513,CAR,0.57,NOT DETECTED,0.00,1258,350,1278,384
2026-08-30 18:55:44,1336,1515,CAR,0.34,NOT DETECTED,0.00,819,231,852,252
2026-08-30 18:55:45,1348,1517,CAR,0.34,NOT DETECTED,0.00,825,282,873,301
2026-08-30 18:55:47,1365,1522,CAR,0.45,NOT DETECTED,0.00,877,259,912,281
2026-08-30 18:55:52,1376,1531,CAR,0.37,NOT DETECTED,0.00,575,259,627,282
2026-08-30 18:55:52,1378,1532,CAR,0.36,NOT DETECTED,0.00,1080,276,1126,308
2026-08-30 18:55:55,1386,1533,TRUCK,0.32,NOT DETECTED,0.00,885,317,944,375
2026-08-30 18:56:00,1394,1541,CAR,0.32,NOT DETECTED,0.00,813,242,846,275
2026-08-30 18:56:01,1401,1544,TRUCK,0.43,NOT DETECTED,0.00,1075,411,1183,499
2026-08-30 18:56:02,1405,1548,MOTORCYCLE,0.43,NOT DETECTED,0.00,832,448,863,518
2026-08-30 18:56:04,1417,1555,CAR,0.31,NOT DETECTED,0.00,766,269,801,304
2026-08-30 18:56:08,1431,1557,CAR,0.34,NOT DETECTED,0.00,886,263,924,286
2026-08-30 18:56:14,1443,1562,CAR,0.43,NOT DETECTED,0.00,1138,449,1280,565
2026-08-30 18:56:17,1449,1568,CAR,0.37,NOT DETECTED,0.00,912,339,980,407
2026-08-30 18:56:17,1454,1577,CAR,0.35,NOT DETECTED,0.00,1092,270,1145,308
2026-08-30 18:56:19,1462,1594,TRUCK,0.32,NOT DETECTED,0.00,761,281,811,322
2026-08-30 18:56:20,1463,1595,CAR,0.42,NOT DETECTED,0.00,1175,478,1280,602
2026-08-30 18:56:20,1463,1596,CAR,0.33,NOT DETECTED,0.00,762,281,812,322
2026-08-30 18:56:22,1464,1597,TRUCK,0.35,NOT DETECTED,0.00,907,345,994,413
2026-08-30 18:56:22,1466,1598,TRUCK,0.31,NOT DETECTED,0.00,763,283,813,325
2026-08-30 18:56:23,1470,1601,TRUCK,0.32,NOT DETECTED,0.00,1191,489,1280,621
2026-08-30 18:56:25,1474,1606,CAR,0.32,NOT DETECTED,0.00,835,216,866,239
2026-08-30 18:56:26,1480,1618,CAR,0.34,NOT DETECTED,0.00,930,354,1010,423
2026-08-30 18:56:27,1486,1630,TRUCK,0.34,NOT DETECTED,0.00,1243,321,1279,383
2026-08-30 18:56:28,1489,1634,CAR,0.36,NOT DETECTED,0.00,854,292,896,325
2026-08-30 18:56:34,1499,1646,CAR,0.33,NOT DETECTED,0.00,952,364,1027,433
2026-08-30 18:56:36,1507,1664,CAR,0.34,NOT DETECTED,0.00,877,262,916,294
2026-08-30 18:56:40,1512,1669,CAR,0.32,NOT DETECTED,0.00,827,219,861,244
2026-08-30 18:56:40,1515,1670,TRUCK,0.48,NOT DETECTED,0.00,965,372,1046,445
2026-08-30 18:56:41,1519,1675,CAR,0.43,NOT DETECTED,0.00,973,240,997,257
2026-08-30 18:56:42,1523,1678,CAR,0.38,NOT DETECTED,0.00,733,393,801,459
2026-08-30 18:56:45,1530,1681,TRUCK,0.41,NOT DETECTED,0.00,982,379,1065,458
2026-08-30 18:56:46,1533,1682,TRUCK,0.39,NOT DETECTED,0.00,971,380,1061,460
2026-08-30 18:56:49,1544,1701,CAR,0.34,NOT DETECTED,0.00,826,227,854,249
2026-08-30 18:56:51,1549,1710,CAR,0.34,NOT DETECTED,0.00,1142,305,1178,327
2026-08-30 18:56:51,1551,1712,CAR,0.33,NOT DETECTED,0.00,761,226,789,251
2026-08-30 18:56:51,1551,1713,MOTORCYCLE,0.42,NOT DETECTED,0.00,743,444,776,522
2026-08-30 18:56:52,1555,1722,CAR,0.35,NOT DETECTED,0.00,849,196,884,217
2026-08-30 18:56:52,1556,1725,CAR,0.31,NOT DETECTED,0.00,876,226,905,246
2026-08-30 18:56:53,1564,1736,TRUCK,0.38,NOT DETECTED,0.00,1027,401,1116,488
2026-08-30 18:56:58,1580,1739,CAR,0.32,NOT DETECTED,0.00,1050,416,1146,505
2026-08-30 18:56:58,1583,1743,CAR,0.34,NOT DETECTED,0.00,1055,418,1153,508
2026-08-30 18:56:58,1583,1744,MOTORCYCLE,0.35,NOT DETECTED,0.00,759,527,803,636
2026-08-30 18:57:01,1586,1745,TRUCK,0.43,NOT DETECTED,0.00,888,488,1008,616
2026-08-30 18:57:01,1589,1749,TRUCK,0.36,NOT DETECTED,0.00,791,351,857,417
2026-08-30 18:57:04,1594,1753,TRUCK,0.36,NOT DETECTED,0.00,0,482,251,674
2026-08-30 18:57:05,1600,1760,TRUCK,0.34,NOT DETECTED,0.00,1084,434,1192,531
2026-08-30 18:57:05,1601,1761,CAR,0.35,NOT DETECTED,0.00,799,259,832,284
2026-08-30 18:57:05,1601,1762,TRUCK,0.36,NOT DETECTED,0.00,1085,435,1195,533
2026-08-30 18:57:07,1603,1764,CAR,0.38,NOT DETECTED,0.00,750,287,793,322
2026-08-30 18:57:08,1604,1765,TRUCK,0.42,NOT DETECTED,0.00,0,481,234,673
2026-08-30 18:57:10,1607,1770,CAR,0.39,NOT DETECTED,0.00,1256,316,1278,349
2026-08-30 18:57:11,1609,1773,TRUCK,0.49,NOT DETECTED,0.00,0,481,233,675
2026-08-30 18:57:13,1621,1779,CAR,0.34,NOT DETECTED,0.00,768,223,812,264
2026-08-30 18:57:14,1625,1782,CAR,0.36,NOT DETECTED,0.00,1245,494,1280,538
2026-08-30 18:57:15,1627,1786,CAR,0.32,NOT DETECTED,0.00,726,227,767,262
2026-08-30 18:57:15,1628,1787,CAR,0.31,NOT DETECTED,0.00,816,243,848,268
2026-08-30 18:57:15,1628,1789,CAR,0.33,NOT DETECTED,0.00,767,243,808,266
2026-08-30 18:57:16,1629,1790,MOTORCYCLE,0.35,NOT DETECTED,0.00,735,462,766,534
2026-08-30 18:57:17,1633,1792,CAR,0.36,NOT DETECTED,0.00,533,254,592,284
2026-08-30 18:57:17,1634,1793,TRUCK,0.33,NOT DETECTED,0.00,807,397,891,481
2026-08-30 18:57:18,1638,1795,TRUCK,0.39,NOT DETECTED,0.00,809,402,896,487
2026-08-30 18:57:19,1645,1800,CAR,0.35,NOT DETECTED,0.00,760,247,797,273
2026-08-30 18:57:19,1645,1801,TRUCK,0.35,NOT DETECTED,0.00,890,344,964,400
2026-08-30 18:57:20,1654,1807,CAR,0.32,NOT DETECTED,0.00,999,231,1023,248
2026-08-30 18:57:22,1655,1808,TRUCK,0.36,NOT DETECTED,0.00,823,427,913,518
2026-08-30 18:57:24,1664,1817,TRUCK,0.38,NOT DETECTED,0.00,0,487,148,671
2026-08-30 18:57:25,1672,1823,CAR,0.37,NOT DETECTED,0.00,690,244,715,270
2026-08-30 18:57:26,1675,1828,CAR,0.32,NOT DETECTED,0.00,1148,270,1191,302
2026-08-30 18:57:27,1682,1832,CAR,0.45,NOT DETECTED,0.00,1264,345,1278,390
2026-08-30 18:57:32,1690,1839,TRUCK,0.41,NOT DETECTED,0.00,854,491,970,611
2026-08-30 18:57:32,1693,1846,TRUCK,0.36,NOT DETECTED,0.00,856,497,975,620
2026-08-30 18:57:32,1693,1847,CAR,0.44,NOT DETECTED,0.00,1236,536,1277,635
2026-08-30 18:57:32,1693,1849,CAR,0.35,NOT DETECTED,0.00,680,242,720,271
2026-08-30 18:57:33,1695,1855,CAR,0.40,NOT DETECTED,0.00,1230,321,1279,384
2026-08-30 18:57:33,1695,1856,CAR,0.33,NOT DETECTED,0.00,795,213,828,240
2026-08-30 18:57:34,1696,1858,CAR,0.32,NOT DETECTED,0.00,662,244,689,272
2026-08-30 18:57:35,1707,1865,MOTORCYCLE,0.41,NOT DETECTED,0.00,766,552,801,644
2026-08-30 18:57:35,1708,1866,BUS,0.35,NOT DETECTED,0.00,0,493,105,672
2026-08-30 18:57:36,1709,1868,TRUCK,0.35,NOT DETECTED,0.00,877,540,1011,684
2026-08-30 18:57:41,1720,1875,CAR,0.34,NOT DETECTED,0.00,751,248,797,275
2026-08-30 18:57:41,1721,1876,TRUCK,0.34,NOT DETECTED,0.00,1064,410,1168,488
2026-08-30 18:57:45,1728,1880,CAR,0.34,NOT DETECTED,0.00,871,244,909,285
2026-08-30 18:57:47,1740,1895,CAR,0.38,NOT DETECTED,0.00,1157,294,1216,341
2026-08-30 18:57:48,1743,1904,CAR,0.39,NOT DETECTED,0.00,742,280,789,312
2026-08-30 18:57:51,1748,1910,CAR,0.44,NOT DETECTED,0.00,597,258,642,279
2026-08-30 18:57:52,1752,1916,CAR,0.34,NOT DETECTED,0.00,820,217,850,242
2026-08-30 18:57:56,1768,1924,TRUCK,0.46,NOT DETECTED,0.00,1129,457,1267,556
2026-08-30 18:57:56,1769,1926,CAR,0.35,NOT DETECTED,0.00,885,273,926,298
2026-08-30 18:57:58,1771,1928,CAR,0.33,NOT DETECTED,0.00,869,229,896,251
2026-08-30 18:58:00,1774,1930,CAR,0.33,NOT DETECTED,0.00,884,258,924,298
2026-08-30 18:58:05,1785,1933,TRUCK,0.40,NOT DETECTED,0.00,1156,482,1280,585
2026-08-30 18:58:09,1790,1934,CAR,0.45,NOT DETECTED,0.00,1165,488,1280,595
2026-08-30 18:58:12,1796,1937,TRUCK,0.44,NOT DETECTED,0.00,1011,489,1147,603
2026-08-30 18:58:13,1800,1938,TRUCK,0.49,NOT DETECTED,0.00,1016,498,1157,614
2026-08-30 18:58:13,1800,1939,CAR,0.33,NOT DETECTED,0.00,1031,382,1129,458
2026-08-30 18:58:16,1806,1944,CAR,0.32,NOT DETECTED,0.00,892,260,940,309
2026-08-30 18:58:16,1807,1945,TRUCK,0.43,NOT DETECTED,0.00,1025,511,1176,634
2026-08-30 18:58:16,1810,1947,TRUCK,0.33,NOT DETECTED,0.00,1201,517,1280,635
2026-08-30 18:58:21,1813,1950,CAR,0.41,NOT DETECTED,0.00,1036,518,1194,653
2026-08-30 18:58:24,1817,1951,TRUCK,0.42,NOT DETECTED,0.00,1045,521,1208,667
2026-08-30 18:58:24,1817,1952,CAR,0.42,NOT DETECTED,0.00,1252,288,1279,320
2026-08-30 18:58:25,1820,1955,TRUCK,0.39,NOT DETECTED,0.00,1051,539,1216,678
2026-08-30 18:58:25,1821,1957,TRUCK,0.35,NOT DETECTED,0.00,1059,400,1165,486
2026-08-30 18:58:26,1825,1963,TRUCK,0.46,NOT DETECTED,0.00,1063,403,1172,490
2026-08-30 18:58:26,1825,1964,TRUCK,0.32,NOT DETECTED,0.00,885,315,940,368
2026-08-30 18:58:30,1835,1970,CAR,0.32,NOT DETECTED,0.00,737,281,782,316
2026-08-30 18:58:33,1846,1982,CAR,0.33,NOT DETECTED,0.00,914,297,963,325
2026-08-30 18:58:40,1857,1998,CAR,0.32,NOT DETECTED,0.00,856,249,886,274
2026-08-30 18:58:44,1862,2002,MOTORCYCLE,0.46,NOT DETECTED,0.00,887,460,918,519
2026-08-30 18:58:44,1862,2003,CAR,0.36,NOT DETECTED,0.00,905,357,958,400
2026-08-30 18:58:44,1863,2004,CAR,0.33,NOT DETECTED,0.00,885,275,920,304
2026-08-30 18:58:47,1871,2012,CAR,0.37,NOT DETECTED,0.00,929,312,977,335
2026-08-30 18:58:51,1875,2017,CAR,0.34,NOT DETECTED,0.00,799,245,830,267
2026-08-30 18:58:52,1878,2018,TRUCK,0.49,NOT DETECTED,0.00,1136,457,1280,568
2026-08-30 18:58:55,1886,2023,TRUCK,0.32,NOT DETECTED,0.00,906,335,973,409
2026-08-30 18:58:56,1888,2027,TRUCK,0.44,NOT DETECTED,0.00,1151,470,1279,582
2026-08-30 18:58:58,1893,2030,CAR,0.49,NOT DETECTED,0.00,1258,322,1277,379
2026-08-30 18:58:58,1893,2031,CAR,0.32,NOT DETECTED,0.00,829,270,862,298
2026-08-30 18:58:58,1895,2035,CAR,0.35,NOT DETECTED,0.00,912,341,975,416
2026-08-30 18:58:59,1903,2045,TRUCK,0.32,NOT DETECTED,0.00,900,272,941,314
2026-08-30 18:58:59,1903,2047,CAR,0.35,NOT DETECTED,0.00,936,292,998,350
2026-08-30 18:59:02,1909,2055,BUS,0.34,NOT DETECTED,0.00,1220,309,1278,369
2026-08-30 18:59:02,1915,2063,TRUCK,0.43,NOT DETECTED,0.00,1187,501,1280,623
2026-08-30 18:59:02,1915,2064,TRUCK,0.39,NOT DETECTED,0.00,953,433,1058,533
2026-08-30 18:59:03,1917,2067,TRUCK,0.37,NOT DETECTED,0.00,940,293,1005,357
2026-08-30 18:59:03,1918,2069,TRUCK,0.40,NOT DETECTED,0.00,955,437,1064,537
2026-08-30 18:59:04,1920,2075,CAR,0.34,NOT DETECTED,0.00,831,274,872,309
2026-08-30 18:59:05,1923,2077,TRUCK,0.40,NOT DETECTED,0.00,1199,511,1280,638
2026-08-30 18:59:05,1924,2078,TRUCK,0.42,NOT DETECTED,0.00,961,442,1074,550
2026-08-30 18:59:07,1928,2082,CAR,0.39,NOT DETECTED,0.00,950,322,1018,364
2026-08-30 18:59:08,1939,2103,CAR,0.38,NOT DETECTED,0.00,936,371,1010,454
2026-08-30 18:59:08,1939,2105,CAR,0.34,NOT DETECTED,0.00,1162,291,1229,341
2026-08-30 18:59:09,1949,2115,CAR,0.36,NOT DETECTED,0.00,841,287,881,319
2026-08-30 18:59:10,1950,2116,TRUCK,0.33,NOT DETECTED,0.00,939,374,1024,465
2026-08-30 18:59:11,1958,2124,TRUCK,0.45,NOT DETECTED,0.00,818,400,910,491
2026-08-30 18:59:12,1961,2128,TRUCK,0.36,NOT DETECTED,0.00,949,384,1034,477
2026-08-30 18:59:12,1961,2130,CAR,0.32,NOT DETECTED,0.00,818,214,852,249
2026-08-30 18:59:14,1970,2136,TRUCK,0.35,NOT DETECTED,0.00,959,391,1047,488
2026-08-30 18:59:14,1971,2139,CAR,0.33,NOT DETECTED,0.00,786,264,824,293
2026-08-30 18:59:15,1975,2149,CAR,0.33,NOT DETECTED,0.00,843,212,870,240
2026-08-30 18:59:16,1978,2157,CAR,0.38,NOT DETECTED,0.00,986,322,1050,398
2026-08-30 18:59:16,1978,2158,CAR,0.32,NOT DETECTED,0.00,848,296,893,328
2026-08-30 18:59:19,1992,2161,CAR,0.39,NOT DETECTED,0.00,979,421,1072,521
2026-08-30 18:59:19,1992,2162,TRUCK,0.33,NOT DETECTED,0.00,842,447,952,555
2026-08-30 18:59:19,1994,2163,CAR,0.33,NOT DETECTED,0.00,852,281,892,309
2026-08-30 18:59:20,2001,2166,CAR,0.33,NOT DETECTED,0.00,999,331,1070,414
2026-08-30 18:59:21,2010,2173,TRUCK,0.38,NOT DETECTED,0.00,859,479,982,599
2026-08-30 18:59:22,2021,2189,CAR,0.33,NOT DETECTED,0.00,961,312,1020,370
2026-08-30 18:59:23,2026,2196,CAR,0.35,NOT DETECTED,0.00,1018,445,1141,588
2026-08-30 18:59:24,2030,2199,CAR,0.36,NOT DETECTED,0.00,776,288,823,324
2026-08-30 18:59:25,2031,2200,CAR,0.46,NOT DETECTED,0.00,1261,339,1278,384
2026-08-30 18:59:29,2040,2205,CAR,0.36,NOT DETECTED,0.00,1041,481,1175,625
2026-08-30 18:59:30,2043,2206,CAR,0.35,NOT DETECTED,0.00,1231,320,1278,379
2026-08-30 18:59:30,2050,2212,CAR,0.36,NOT DETECTED,0.00,1041,361,1131,459
2026-08-30 18:59:31,2051,2214,CAR,0.44,NOT DETECTED,0.00,1061,501,1208,661
2026-08-30 18:59:36,2065,2224,CAR,0.37,NOT DETECTED,0.00,985,329,1059,398
2026-08-30 18:59:39,2086,2238,CAR,0.34,NOT DETECTED,0.00,871,310,914,342
2026-08-30 18:59:40,2091,2240,CAR,0.33,NOT DETECTED,0.00,811,254,845,275
2026-08-30 18:59:40,2094,2244,CAR,0.33,NOT DETECTED,0.00,869,311,916,355
2026-08-30 18:59:50,2126,2254,TRUCK,0.37,NOT DETECTED,0.00,971,455,1084,553
2026-08-30 18:59:50,2128,2258,CAR,0.35,NOT DETECTED,0.00,1039,376,1125,455
2026-08-30 18:59:57,2131,2262,CAR,0.37,NOT DETECTED,0.00,1089,266,1149,307
2026-08-30 18:59:59,2132,2264,TRUCK,0.34,NOT DETECTED,0.00,981,455,1096,565
2026-08-30 19:00:00,2135,2269,CAR,0.33,NOT DETECTED,0.00,814,240,856,286
2026-08-30 19:00:00,2140,2272,CAR,0.47,NOT DETECTED,0.00,1256,344,1278,386
2026-08-30 19:00:04,2149,2276,TRUCK,0.38,NOT DETECTED,0.00,1163,438,1280,588
2026-08-30 19:00:04,2151,2279,CAR,0.34,NOT DETECTED,0.00,782,323,838,357
2026-08-30 19:00:05,2161,2291,BUS,0.43,NOT DETECTED,0.00,1183,451,1280,608
2026-08-30 19:00:06,2166,2296,BUS,0.43,NOT DETECTED,0.00,1191,455,1279,619
2026-08-30 19:00:06,2167,2299,CAR,0.31,NOT DETECTED,0.00,1075,407,1185,502
2026-08-30 19:00:07,2169,2301,CAR,0.31,NOT DETECTED,0.00,1001,226,1024,244
2026-08-30 19:00:08,2183,2306,TRUCK,0.40,NOT DETECTED,0.00,1096,415,1212,522
2026-08-30 19:00:08,2184,2309,CAR,0.37,NOT DETECTED,0.00,1159,304,1229,345
2026-08-30 19:00:09,2190,2318,TRUCK,0.32,NOT DETECTED,0.00,1106,420,1225,531
2026-08-30 19:00:09,2193,2322,BUS,0.31,NOT DETECTED,0.00,0,500,63,669
2026-08-30 19:00:10,2195,2324,TRUCK,0.34,NOT DETECTED,0.00,1112,424,1235,536
2026-08-30 19:00:12,2200,2326,CAR,0.37,NOT DETECTED,0.00,1119,430,1245,545
2026-08-30 19:00:12,2200,2328,CAR,0.39,NOT DETECTED,0.00,1249,497,1280,634
2026-08-30 19:00:12,2201,2329,CAR,0.37,NOT DETECTED,0.00,868,196,894,216
2026-08-30 19:00:12,2202,2332,CAR,0.33,NOT DETECTED,0.00,822,249,872,308
2026-08-30 19:00:13,2205,2335,TRUCK,0.38,NOT DETECTED,0.00,926,368,1000,434
2026-08-30 19:00:13,2209,2338,BUS,0.32,NOT DETECTED,0.00,0,499,62,668
2026-08-30 19:00:13,2210,2339,TRUCK,0.44,NOT DETECTED,0.00,1136,440,1268,558
2026-08-30 19:00:13,2210,2340,TRUCK,0.31,NOT DETECTED,0.00,806,337,867,397
2026-08-30 19:00:14,2215,2343,TRUCK,0.42,NOT DETECTED,0.00,974,426,1076,523
2026-08-30 19:00:14,2220,2349,CAR,0.36,NOT DETECTED,0.00,1145,449,1280,574
2026-08-30 19:00:15,2223,2353,CAR,0.36,NOT DETECTED,0.00,1099,278,1157,315
2026-08-30 19:00:16,2225,2355,CAR,0.34,NOT DETECTED,0.00,819,236,855,258
2026-08-30 19:00:17,2230,2358,CAR,0.42,NOT DETECTED,0.00,1160,458,1280,589
2026-08-30 19:00:24,2239,2371,BUS,0.35,NOT DETECTED,0.00,1173,465,1280,604
2026-08-30 19:00:29,2245,2381,TRUCK,0.31,NOT DETECTED,0.00,0,500,61,668
2026-08-30 19:00:29,2246,2382,TRUCK,0.32,NOT DETECTED,0.00,822,366,893,438
2026-08-30 19:00:30,2248,2383,TRUCK,0.44,NOT DETECTED,0.00,1021,475,1151,595
2026-08-30 19:00:30,2250,2386,CAR,0.43,NOT DETECTED,0.00,1255,345,1279,382
2026-08-30 19:00:30,2253,2387,TRUCK,0.35,NOT DETECTED,0.00,826,372,899,446
2026-08-30 19:00:31,2259,2389,TRUCK,0.32,NOT DETECTED,0.00,1200,481,1280,636
2026-08-30 19:00:33,2261,2392,TRUCK,0.40,NOT DETECTED,0.00,832,379,906,456
2026-08-30 19:00:33,2269,2398,TRUCK,0.33,NOT DETECTED,0.00,837,386,914,466
2026-08-30 19:00:36,2275,2402,TRUCK,0.41,NOT DETECTED,0.00,1072,523,1227,677
2026-08-30 19:00:37,2278,2407,TRUCK,0.36,NOT DETECTED,0.00,841,395,921,477
2026-08-30 19:00:37,2281,2418,CAR,0.32,NOT DETECTED,0.00,823,254,854,287
2026-08-30 19:00:38,2287,2435,CAR,0.31,NOT DETECTED,0.00,902,187,933,213
2026-08-30 19:00:39,2292,2437,CAR,0.49,NOT DETECTED,0.00,1200,314,1264,359
2026-08-30 19:00:40,2300,2441,TRUCK,0.38,NOT DETECTED,0.00,847,274,917,349
2026-08-30 19:00:40,2304,2442,CAR,0.40,NOT DETECTED,0.00,860,428,948,520
2026-08-30 19:00:41,2309,2448,CAR,0.39,NOT DETECTED,0.00,1258,313,1278,340
2026-08-30 19:00:41,2313,2451,CAR,0.36,NOT DETECTED,0.00,830,268,862,299
2026-08-30 19:00:43,2320,2458,CAR,0.40,NOT DETECTED,0.00,1260,351,1278,387
2026-08-30 19:00:47,2331,2469,TRUCK,0.45,NOT DETECTED,0.00,1066,525,1214,651
2026-08-30 19:00:47,2333,2474,CAR,0.34,NOT DETECTED,0.00,839,248,880,278
2026-08-30 19:00:47,2334,2478,TRUCK,0.44,NOT DETECTED,0.00,1071,533,1225,662
2026-08-30 19:00:48,2337,2484,CAR,0.33,NOT DETECTED,0.00,1222,295,1276,331
2026-08-30 19:00:49,2342,2494,CAR,0.41,NOT DETECTED,0.00,892,490,1004,612
2026-08-30 19:00:50,2350,2496,TRUCK,0.34,NOT DETECTED,0.00,899,507,1017,638
2026-08-30 19:00:50,2350,2497,CAR,0.33,NOT DETECTED,0.00,866,196,895,216
2026-08-30 19:00:50,2355,2498,CAR,0.32,NOT DETECTED,0.00,1138,301,1189,328
2026-08-30 19:00:51,2356,2499,CAR,0.33,NOT DETECTED,0.00,906,521,1031,663
2026-08-30 19:00:51,2363,2506,TRUCK,0.44,NOT DETECTED,0.00,916,539,1048,689
2026-08-30 19:00:54,2369,2510,CAR,0.33,NOT DETECTED,0.00,881,338,943,392
2026-08-30 19:00:56,2372,2514,TRUCK,0.33,NOT DETECTED,0.00,958,316,1019,372
2026-08-30 19:01:00,2377,2517,CAR,0.33,NOT DETECTED,0.00,891,203,916,226
2026-08-30 19:01:01,2387,2520,CAR,0.48,NOT DETECTED,0.00,954,616,1103,718
2026-08-30 19:01:05,2406,2531,TRUCK,0.33,NOT DETECTED,0.00,892,321,973,423
2026-08-30 19:01:06,2410,2535,CAR,0.34,NOT DETECTED,0.00,890,210,912,228
2026-08-30 19:01:07,2417,2540,CAR,0.32,NOT DETECTED,0.00,1150,304,1227,343
2026-08-30 19:01:07,2419,2543,TRUCK,0.32,NOT DETECTED,0.00,900,325,989,434
2026-08-30 19:01:07,2420,2544,CAR,0.31,NOT DETECTED,0.00,482,291,524,316
2026-08-30 19:01:09,2438,2559,CAR,0.33,NOT DETECTED,0.00,913,341,1000,455
2026-08-30 19:01:10,2443,2562,CAR,0.52,NOT DETECTED,0.00,892,292,947,322
2026-08-30 19:01:11,2451,2566,CAR,0.47,NOT DETECTED,0.00,1239,383,1278,437
2026-08-30 19:01:13,2461,2582,CAR,0.32,NOT DETECTED,0.00,1085,268,1134,307
2026-08-30 19:01:13,2461,2584,CAR,0.31,NOT DETECTED,0.00,850,210,880,230
2026-08-30 19:01:15,2472,2591,CAR,0.41,NOT DETECTED,0.00,915,310,963,336
2026-08-30 19:01:15,2480,2593,CAR,0.36,NOT DETECTED,0.00,940,372,1050,504
2026-08-30 19:01:19,2511,2603,CAR,0.38,NOT DETECTED,0.00,968,400,1091,551
2026-08-30 19:01:43,2528,2609,CAR,0.37,NOT DETECTED,0.00,982,418,1122,580
2026-08-30 19:01:46,2535,2615,TRUCK,0.39,NOT DETECTED,0.00,953,315,1015,375
2026-08-30 19:01:47,2538,2619,CAR,0.36,NOT DETECTED,0.00,1264,351,1278,389
2026-08-30 19:01:51,2553,2631,CAR,0.35,NOT DETECTED,0.00,966,320,1033,390
2026-08-30 19:01:52,2565,2637,TRUCK,0.35,NOT DETECTED,0.00,975,325,1049,400
2026-08-30 19:01:53,2577,2645,CAR,0.31,NOT DETECTED,0.00,796,217,824,238
2026-08-30 19:01:53,2580,2648,TRUCK,0.41,NOT DETECTED,0.00,1043,478,1234,685
2026-08-30 19:01:54,2587,2664,BUS,0.36,NOT DETECTED,0.00,1058,491,1251,703
2026-08-30 19:01:54,2588,2665,CAR,0.31,NOT DETECTED,0.00,1157,273,1194,308
2026-08-30 19:01:55,2592,2670,TRUCK,0.37,NOT DETECTED,0.00,999,344,1078,423
2026-08-30 19:01:57,2594,2673,TRUCK,0.30,NOT DETECTED,0.00,0,499,63,669
2026-08-30 19:02:00,2598,2677,CAR,0.38,NOT DETECTED,0.00,1073,505,1280,717
2026-08-30 19:02:00,2599,2678,TRUCK,0.30,NOT DETECTED,0.00,0,499,63,669
2026-08-30 19:02:01,2606,2682,CAR,0.32,NOT DETECTED,0.00,1087,516,1280,718
2026-08-30 19:02:03,2607,2683,CAR,0.40,NOT DETECTED,0.00,1210,491,1277,577
2026-08-30 19:02:06,2609,2684,TRUCK,0.32,NOT DETECTED,0.00,1017,357,1100,438
2026-08-30 19:02:08,2614,2687,TRUCK,0.51,NOT DETECTED,0.00,1108,531,1279,718
2026-08-30 19:02:08,2622,2692,CAR,0.32,NOT DETECTED,0.00,1050,294,1097,323
2026-08-30 19:02:08,2624,2694,BIKE/SCOOTY,0.38,NOT DETECTED,0.00,819,487,855,563
2026-08-30 19:02:12,2639,2696,CAR,0.39,NOT DETECTED,0.00,1254,531,1279,591
2026-08-30 19:02:13,2645,2698,CAR,0.37,NOT DETECTED,0.00,1057,384,1150,474
2026-08-30 19:02:16,2651,2700,BIKE/SCOOTY,0.35,NOT DETECTED,0.00,818,549,860,634
2026-08-30 19:02:17,2654,2703,CAR,0.46,NOT DETECTED,0.00,1069,395,1165,483
2026-08-30 19:02:21,2661,2706,CAR,0.41,NOT DETECTED,0.00,1260,327,1279,391
2026-08-30 19:02:26,2683,2708,CAR,0.33,NOT DETECTED,0.00,1192,302,1238,347
2026-08-30 19:02:26,2688,2710,TRUCK,0.41,NOT DETECTED,0.00,1108,422,1221,522
2026-08-30 19:02:26,2688,2711,TRUCK,0.32,NOT DETECTED,0.00,1242,307,1279,386
2026-08-30 19:02:33,2701,2717,TRUCK,0.44,NOT DETECTED,0.00,1124,435,1245,536
2026-08-30 19:02:34,2702,2720,TRUCK,0.30,NOT DETECTED,0.00,0,499,65,670
2026-08-30 19:02:34,2702,2722,TRUCK,0.32,NOT DETECTED,0.00,1231,305,1279,384
2026-08-30 19:02:36,2724,2744,CAR,0.31,NOT DETECTED,0.00,1218,301,1279,377
2026-08-30 19:02:37,2731,2755,CAR,0.35,NOT DETECTED,0.00,1153,440,1279,569
2026-08-30 19:02:37,2732,2758,CAR,0.32,NOT DETECTED,0.00,1017,277,1069,303
2026-08-30 19:02:37,2733,2760,TRUCK,0.32,NOT DETECTED,0.00,1163,637,1279,718
2026-08-30 19:02:41,2745,2773,BUS,0.32,NOT DETECTED,0.00,0,499,65,669
2026-08-30 19:02:42,2753,2774,CAR,0.43,NOT DETECTED,0.00,1182,476,1279,593
2026-08-30 19:02:45,2775,2783,BUS,0.32,NOT DETECTED,0.00,1199,465,1280,616
2026-08-30 19:02:46,2780,2784,TRUCK,0.40,NOT DETECTED,0.00,945,402,1046,489
2026-08-30 19:02:51,2816,2792,CAR,0.34,NOT DETECTED,0.00,1246,534,1280,620
2026-08-30 19:03:07,2922,2865,CAR,0.31,NOT DETECTED,0.00,1080,270,1121,307
2026-08-30 19:03:33,3070,2918,CAR,0.31,NOT DETECTED,0.00,1260,321,1279,395
2026-08-30 19:03:36,3105,2936,CAR,0.31,NOT DETECTED,0.00,1081,269,1120,311
2026-08-30 19:03:37,3116,2940,CAR,0.32,NOT DETECTED,0.00,1110,280,1150,315
2026-08-30 19:33:17,1,1,BUS,0.93,NOT DETECTED,0.00,238,394,742,660
2026-08-30 19:33:17,1,2,CAR,0.56,NOT DETECTED,0.00,1180,308,1236,352
2026-08-30 19:33:17,1,3,CAR,0.47,NOT DETECTED,0.00,871,242,904,268
2026-08-30 19:33:17,1,4,CAR,0.39,NOT DETECTED,0.00,1217,289,1278,332
2026-08-30 19:33:17,1,5,CAR,0.28,NOT DETECTED,0.00,1106,282,1158,319
2026-08-30 19:33:20,18,15,TRUCK,0.31,NOT DETECTED,0.00,732,205,803,264
2026-08-30 19:33:20,21,18,CAR,0.36,NOT DETECTED,0.00,1095,273,1146,313
2026-08-30 19:33:21,25,20,CAR,0.34,NOT DETECTED,0.00,1047,261,1080,283
2026-08-30 19:33:25,51,29,MOTORCYCLE,0.37,NOT DETECTED,0.00,879,365,905,414
2026-08-30 19:33:25,52,30,MOTORCYCLE,0.39,NOT DETECTED,0.00,761,368,787,418
2026-08-30 19:33:26,56,37,MOTORCYCLE,0.34,NOT DETECTED,0.00,808,360,831,405
2026-08-30 19:33:26,57,38,CAR,0.34,NOT DETECTED,0.00,1265,352,1279,389
2026-08-30 19:33:29,84,63,CAR,0.33,NOT DETECTED,0.00,1236,279,1278,313
2026-08-30 19:33:31,91,67,MOTORCYCLE,0.35,NOT DETECTED,0.00,870,365,894,418
2026-08-30 19:33:33,104,70,MOTORCYCLE,0.32,NOT DETECTED,0.00,825,363,847,412
2026-08-30 19:33:33,108,75,MOTORCYCLE,0.33,NOT DETECTED,0.00,777,342,803,389
2026-08-30 19:33:34,109,77,CAR,0.42,NOT DETECTED,0.00,1154,266,1197,300
2026-08-30 19:33:35,122,85,CAR,0.32,NOT DETECTED,0.00,780,231,819,262
2026-08-30 19:33:36,138,90,MOTORCYCLE,0.36,NOT DETECTED,0.00,880,358,904,409
2026-08-30 19:33:37,140,96,CAR,0.34,NOT DETECTED,0.00,1232,275,1276,309
2026-08-30 19:33:37,142,100,MOTORCYCLE,0.39,NOT DETECTED,0.00,825,371,846,404
2026-08-30 19:33:38,153,112,CAR,0.33,NOT DETECTED,0.00,823,258,862,291
2026-08-30 19:33:38,154,115,MOTORCYCLE,0.38,NOT DETECTED,0.00,824,642,894,720
2026-08-30 19:33:40,170,134,TRUCK,0.39,NOT DETECTED,0.00,0,480,113,664
2026-08-30 19:33:41,173,144,CAR,0.33,NOT DETECTED,0.00,880,256,913,291
2026-08-30 19:33:44,179,149,MOTORCYCLE,0.34,NOT DETECTED,0.00,811,420,841,480
2026-08-30 19:33:44,179,150,BUS,0.42,NOT DETECTED,0.00,706,244,768,303
2026-08-30 19:33:45,182,154,TRUCK,0.36,NOT DETECTED,0.00,0,486,56,659
2026-08-30 19:33:47,189,166,MOTORCYCLE,0.35,NOT DETECTED,0.00,820,433,850,498
2026-08-30 19:33:49,201,176,CAR,0.36,NOT DETECTED,0.00,814,228,853,255
2026-08-30 19:33:49,206,188,CAR,0.34,NOT DETECTED,0.00,864,230,904,262
2026-08-30 19:33:50,209,193,CAR,0.32,NOT DETECTED,0.00,1241,311,1279,340
2026-08-30 19:33:50,212,199,CAR,0.37,NOT DETECTED,0.00,1257,346,1278,385
2026-08-30 19:33:52,217,201,CAR,0.35,NOT DETECTED,0.00,865,231,899,250
2026-08-30 19:33:52,220,203,CAR,0.35,NOT DETECTED,0.00,1249,334,1278,384
2026-08-30 19:33:53,225,208,MOTORCYCLE,0.51,NOT DETECTED,0.00,890,429,923,487
2026-08-30 19:33:54,229,214,CAR,0.32,NOT DETECTED,0.00,1045,262,1088,286
2026-08-30 19:33:57,236,230,CAR,0.37,NOT DETECTED,0.00,756,239,792,274
2026-08-30 19:33:57,237,233,CAR,0.35,NOT DETECTED,0.00,867,234,899,254
2026-08-30 19:33:57,238,235,CAR,0.34,NOT DETECTED,0.00,1226,325,1279,379
2026-08-30 19:33:58,241,236,MOTORCYCLE,0.45,NOT DETECTED,0.00,868,560,908,638
2026-08-30 19:34:03,268,256,CAR,0.33,NOT DETECTED,0.00,812,269,855,303
2026-08-30 19:34:06,274,257,BUS,0.37,NOT DETECTED,0.00,701,268,767,344
2026-08-30 19:34:07,283,275,BUS,0.33,NOT DETECTED,0.00,702,258,768,322
2026-08-30 19:34:07,286,279,BUS,0.31,NOT DETECTED,0.00,701,256,768,323
2026-08-30 19:34:08,290,286,CAR,0.36,NOT DETECTED,0.00,872,255,907,288
2026-08-30 19:34:08,290,287,CAR,0.35,NOT DETECTED,0.00,768,263,802,294
2026-08-30 19:34:16,299,296,TRUCK,0.38,NOT DETECTED,0.00,1015,361,1098,437
2026-08-30 19:34:18,302,303,CAR,0.32,NOT DETECTED,0.00,768,258,803,297
2026-08-30 19:34:18,308,305,CAR,0.33,NOT DETECTED,0.00,793,217,823,244
2026-08-30 19:34:23,316,309,CAR,0.32,NOT DETECTED,0.00,830,286,880,324
2026-08-30 19:34:24,323,312,CAR,0.42,NOT DETECTED,0.00,1049,389,1145,474
2026-08-30 19:34:24,323,313,CAR,0.33,NOT DETECTED,0.00,994,233,1025,262
2026-08-30 19:34:24,330,320,TRUCK,0.36,NOT DETECTED,0.00,1059,394,1163,488
2026-08-30 19:34:24,330,321,CAR,0.37,NOT DETECTED,0.00,773,277,815,309
2026-08-30 19:34:25,337,330,CAR,0.32,NOT DETECTED,0.00,818,257,853,291
2026-08-30 19:34:26,338,331,TRUCK,0.37,NOT DETECTED,0.00,895,343,963,399
2026-08-30 19:34:27,341,332,TRUCK,0.36,NOT DETECTED,0.00,1081,415,1189,509
2026-08-30 19:34:32,348,336,CAR,0.46,NOT DETECTED,0.00,1095,423,1210,523
2026-08-30 19:34:35,353,340,CAR,0.40,NOT DETECTED,0.00,1107,431,1227,536
2026-08-30 19:34:35,354,343,BUS,0.31,NOT DETECTED,0.00,726,208,794,273
2026-08-30 19:34:36,358,350,TRUCK,0.45,NOT DETECTED,0.00,1120,440,1245,548
2026-08-30 19:34:42,368,363,CAR,0.31,NOT DETECTED,0.00,825,274,862,301
2026-08-30 19:34:42,376,368,TRUCK,0.48,NOT DETECTED,0.00,1167,479,1280,602
2026-08-30 19:34:43,378,371,CAR,0.34,NOT DETECTED,0.00,861,250,893,273
2026-08-30 19:34:48,395,382,TRUCK,0.35,NOT DETECTED,0.00,1193,269,1276,332
2026-08-30 19:34:48,403,390,TRUCK,0.33,NOT DETECTED,0.00,958,410,1052,491
2026-08-30 19:34:50,409,402,TRUCK,0.32,NOT DETECTED,0.00,757,237,816,294
2026-08-30 19:34:50,410,405,CAR,0.33,NOT DETECTED,0.00,722,239,757,262
2026-08-30 19:34:51,414,411,CAR,0.34,NOT DETECTED,0.00,961,373,1036,447
2026-08-30 19:34:51,416,412,CAR,0.35,NOT DETECTED,0.00,1113,256,1152,289
2026-08-30 19:34:51,422,417,TRUCK,0.42,NOT DETECTED,0.00,695,309,802,462
2026-08-30 19:34:53,428,422,TRUCK,0.35,NOT DETECTED,0.00,693,312,806,468
2026-08-30 19:34:54,439,436,CAR,0.31,NOT DETECTED,0.00,816,241,847,282
2026-08-30 19:34:54,440,438,TRUCK,0.34,NOT DETECTED,0.00,987,403,1073,488
2026-08-30 19:34:54,440,439,TRUCK,0.34,NOT DETECTED,0.00,916,354,990,413
2026-08-30 19:34:55,444,446,CAR,0.33,NOT DETECTED,0.00,777,227,813,248
2026-08-30 19:34:56,449,448,TRUCK,0.34,NOT DETECTED,0.00,996,415,1089,503
2026-08-30 19:34:56,455,451,TRUCK,0.36,NOT DETECTED,0.00,1004,424,1102,518
2026-08-30 19:34:58,470,471,CAR,0.32,NOT DETECTED,0.00,997,228,1025,250
2026-08-30 19:34:58,472,478,CAR,0.33,NOT DETECTED,0.00,1143,275,1198,306
2026-08-30 19:34:58,472,479,TRUCK,0.33,NOT DETECTED,0.00,933,311,998,369
2026-08-30 19:34:58,473,480,TRUCK,0.33,NOT DETECTED,0.00,1028,453,1143,561
2026-08-30 19:34:58,473,481,TRUCK,0.35,NOT DETECTED,0.00,681,326,802,517
2026-08-30 19:34:59,486,488,TRUCK,0.38,NOT DETECTED,0.00,670,336,794,525
2026-08-30 19:34:59,487,489,CAR,0.35,NOT DETECTED,0.00,772,268,825,332
2026-08-30 19:34:59,493,501,TRUCK,0.47,NOT DETECTED,0.00,664,340,793,534
2026-08-30 19:34:59,494,502,CAR,0.43,NOT DETECTED,0.00,1065,494,1202,623
2026-08-30 19:35:00,499,520,CAR,0.34,NOT DETECTED,0.00,777,296,823,341
2026-08-30 19:35:00,500,521,CAR,0.42,NOT DETECTED,0.00,1076,508,1223,645
2026-08-30 19:35:01,502,525,TRUCK,0.40,NOT DETECTED,0.00,646,345,798,545
2026-08-30 19:35:01,502,526,CAR,0.37,NOT DETECTED,0.00,818,258,865,297
2026-08-30 19:35:01,508,536,TRUCK,0.35,NOT DETECTED,0.00,637,350,799,552
2026-08-30 19:35:03,509,539,TRUCK,0.36,NOT DETECTED,0.00,1097,523,1256,682
2026-08-30 19:35:03,510,540,CAR,0.41,NOT DETECTED,0.00,829,277,870,305
2026-08-30 19:35:03,511,541,BUS,0.35,NOT DETECTED,0.00,1197,273,1278,375
2026-08-30 19:35:05,512,544,TRUCK,0.36,NOT DETECTED,0.00,773,278,836,350
2026-08-30 19:35:09,532,558,TRUCK,0.44,NOT DETECTED,0.00,873,450,970,553
2026-08-30 19:35:10,537,567,CAR,0.33,NOT DETECTED,0.00,882,465,978,569
2026-08-30 19:35:10,537,568,CAR,0.32,NOT DETECTED,0.00,837,288,877,314
2026-08-30 19:35:12,543,573,TRUCK,0.44,NOT DETECTED,0.00,1122,479,1278,600
2026-08-30 19:35:12,545,577,TRUCK,0.37,NOT DETECTED,0.00,988,358,1069,434
2026-08-30 19:35:12,545,578,TRUCK,0.32,NOT DETECTED,0.00,786,293,848,380
2026-08-30 19:35:13,546,581,TRUCK,0.41,NOT DETECTED,0.00,893,487,999,599
2026-08-30 19:35:14,554,597,CAR,0.42,NOT DETECTED,0.00,1138,308,1185,336
2026-08-30 19:35:14,555,599,CAR,0.48,NOT DETECTED,0.00,904,511,1023,633
2026-08-30 19:35:14,556,602,BUS,0.32,NOT DETECTED,0.00,735,206,811,267
2026-08-30 19:35:14,558,605,CAR,0.41,NOT DETECTED,0.00,774,281,810,320
2026-08-30 19:35:14,562,614,CAR,0.32,NOT DETECTED,0.00,878,267,923,293
2026-08-30 19:35:14,563,616,TRUCK,0.40,NOT DETECTED,0.00,920,538,1045,672
2026-08-30 19:35:15,568,620,BUS,0.38,NOT DETECTED,0.00,1219,544,1280,684
2026-08-30 19:35:17,590,628,CAR,0.35,NOT DETECTED,0.00,853,308,901,334
2026-08-30 19:35:19,606,636,TRUCK,0.32,NOT DETECTED,0.00,730,208,799,279
2026-08-30 19:35:19,609,640,BUS,0.40,NOT DETECTED,0.00,823,352,906,465
2026-08-30 19:35:20,612,645,TRUCK,0.32,NOT DETECTED,0.00,730,207,801,280
2026-08-30 19:35:20,614,647,TRUCK,0.44,NOT DETECTED,0.00,1070,437,1186,548
2026-08-30 19:35:21,615,648,CAR,0.53,NOT DETECTED,0.00,1257,341,1278,386
2026-08-30 19:35:21,617,651,CAR,0.32,NOT DETECTED,0.00,896,275,944,314
2026-08-30 19:35:22,623,652,CAR,0.37,NOT DETECTED,0.00,832,363,927,492
2026-08-30 19:35:22,624,653,TRUCK,0.46,NOT DETECTED,0.00,1085,454,1213,571
2026-08-30 19:35:22,626,654,TRUCK,0.37,NOT DETECTED,0.00,727,208,786,282
2026-08-30 19:35:23,633,662,CAR,0.33,NOT DETECTED,0.00,812,248,845,273
2026-08-30 19:35:24,637,670,TRUCK,0.33,NOT DETECTED,0.00,726,208,797,285
2026-08-30 19:35:24,640,675,CAR,0.45,NOT DETECTED,0.00,848,388,953,536
2026-08-30 19:35:24,644,682,CAR,0.33,NOT DETECTED,0.00,917,301,963,326
2026-08-30 19:35:24,644,683,CAR,0.31,NOT DETECTED,0.00,863,260,910,291
2026-08-30 19:35:25,648,686,BUS,0.34,NOT DETECTED,0.00,725,226,778,287
2026-08-30 19:35:26,657,691,CAR,0.37,NOT DETECTED,0.00,873,425,991,594
2026-08-30 19:35:27,667,692,CAR,0.36,NOT DETECTED,0.00,1249,384,1278,432
2026-08-30 19:35:31,684,700,CAR,0.33,NOT DETECTED,0.00,861,304,905,346
2026-08-30 19:35:32,694,706,CAR,0.34,NOT DETECTED,0.00,937,303,995,353
2026-08-30 19:35:32,695,708,CAR,0.32,NOT DETECTED,0.00,843,287,888,327
2026-08-30 19:35:32,697,711,CAR,0.33,NOT DETECTED,0.00,940,546,1122,718
2026-08-30 19:35:33,703,717,TRUCK,0.40,NOT DETECTED,0.00,1040,499,1179,628
2026-08-30 19:35:34,713,726,TRUCK,0.34,NOT DETECTED,0.00,1057,518,1212,660
2026-08-30 19:35:34,714,727,TRUCK,0.42,NOT DETECTED,0.00,1059,415,1167,506
2026-08-30 19:35:35,718,730,CAR,0.35,NOT DETECTED,0.00,951,317,1020,368
2026-08-30 19:35:37,728,739,CAR,0.47,NOT DETECTED,0.00,1083,433,1203,533
2026-08-30 19:35:42,730,745,TRUCK,0.35,NOT DETECTED,0.00,0,474,247,670
2026-08-30 19:35:44,734,747,TRUCK,0.45,NOT DETECTED,0.00,0,475,233,674
2026-08-30 19:35:44,737,750,BUS,0.34,NOT DETECTED,0.00,2,476,226,674
2026-08-30 19:35:45,739,752,CAR,0.36,NOT DETECTED,0.00,1076,301,1115,333
2026-08-30 19:35:45,741,755,CAR,0.37,NOT DETECTED,0.00,875,260,906,285
2026-08-30 19:35:48,753,770,CAR,0.33,NOT DETECTED,0.00,892,193,930,221
2026-08-30 19:35:48,753,771,TRUCK,0.44,NOT DETECTED,0.00,0,480,167,658
2026-08-30 19:35:48,754,773,TRUCK,0.41,NOT DETECTED,0.00,1142,481,1280,599
2026-08-30 19:35:49,758,779,CAR,0.39,NOT DETECTED,0.00,868,235,898,256
2026-08-30 19:35:51,762,785,CAR,0.31,NOT DETECTED,0.00,779,218,817,248
2026-08-30 19:35:51,763,787,BUS,0.36,NOT DETECTED,0.00,0,484,134,660
2026-08-30 19:35:52,771,792,BUS,0.40,NOT DETECTED,0.00,0,485,114,662
2026-08-30 19:35:52,771,793,CAR,0.38,NOT DETECTED,0.00,1256,354,1278,393
2026-08-30 19:35:53,776,798,TRUCK,0.39,NOT DETECTED,0.00,1206,533,1280,681
2026-08-30 19:35:53,777,799,TRUCK,0.53,NOT DETECTED,0.00,905,523,1039,670
2026-08-30 19:35:53,784,803,CAR,0.37,NOT DETECTED,0.00,1224,335,1278,383
2026-08-30 19:35:54,785,805,TRUCK,0.33,NOT DETECTED,0.00,958,397,1051,494
2026-08-30 19:35:55,804,820,CAR,0.39,NOT DETECTED,0.00,822,283,861,302
2026-08-30 19:35:55,804,821,TRUCK,0.39,NOT DETECTED,0.00,0,492,67,664
2026-08-30 19:35:56,817,839,CAR,0.41,NOT DETECTED,0.00,834,288,881,320
2026-08-30 19:35:56,818,841,CAR,0.41,NOT DETECTED,0.00,997,437,1107,554
2026-08-30 19:35:56,820,846,CAR,0.36,NOT DETECTED,0.00,875,261,909,286
2026-08-30 19:35:56,822,850,CAR,0.40,NOT DETECTED,0.00,1067,404,1179,490
2026-08-30 19:35:56,825,858,CAR,0.37,NOT DETECTED,0.00,1253,312,1278,349
2026-08-30 19:35:57,830,870,CAR,0.37,NOT DETECTED,0.00,1155,299,1209,342
2026-08-30 19:35:57,831,873,BUS,0.33,NOT DETECTED,0.00,727,224,770,259
2026-08-30 19:35:57,833,877,CAR,0.32,NOT DETECTED,0.00,776,281,818,316
2026-08-30 19:35:57,835,879,CAR,0.44,NOT DETECTED,0.00,1025,455,1151,592
2026-08-30 19:35:57,835,880,CAR,0.32,NOT DETECTED,0.00,824,275,860,306
2026-08-30 19:35:58,840,894,CAR,0.32,NOT DETECTED,0.00,878,267,917,290
2026-08-30 19:35:58,844,905,CAR,0.35,NOT DETECTED,0.00,1218,292,1276,335
2026-08-30 19:35:58,846,912,CAR,0.33,NOT DETECTED,0.00,998,230,1023,248
2026-08-30 19:35:58,847,917,CAR,0.34,NOT DETECTED,0.00,842,298,874,320
2026-08-30 19:35:58,848,924,CAR,0.34,NOT DETECTED,0.00,972,238,997,258
2026-08-30 19:35:58,850,928,CAR,0.49,NOT DETECTED,0.00,1054,487,1190,636
2026-08-30 19:35:58,850,929,BUS,0.32,NOT DETECTED,0.00,0,494,48,664
2026-08-30 19:35:59,854,938,CAR,0.32,NOT DETECTED,0.00,1103,288,1170,324
2026-08-30 19:36:01,857,942,TRUCK,0.38,NOT DETECTED,0.00,1067,500,1214,659
2026-08-30 19:36:01,857,943,BUS,0.34,NOT DETECTED,0.00,0,495,50,664
2026-08-30 19:36:05,872,957,CAR,0.36,NOT DETECTED,0.00,1103,536,1272,714
2026-08-30 19:36:05,874,961,TRUCK,0.31,NOT DETECTED,0.00,810,239,845,283
2026-08-30 19:36:05,882,967,TRUCK,0.31,NOT DETECTED,0.00,1131,561,1279,716
2026-08-30 19:36:06,890,973,BUS,0.32,NOT DETECTED,0.00,0,495,43,665
2026-08-30 19:36:06,891,974,TRUCK,0.40,NOT DETECTED,0.00,1162,546,1278,715
2026-08-30 19:36:06,893,978,BUS,0.33,NOT DETECTED,0.00,785,300,837,353
2026-08-30 19:36:06,893,979,CAR,0.45,NOT DETECTED,0.00,1259,344,1278,384
2026-08-30 19:36:07,910,987,TRUCK,0.44,NOT DETECTED,0.00,1062,514,1196,630
2026-08-30 19:36:12,918,991,TRUCK,0.41,NOT DETECTED,0.00,1077,529,1221,657
2026-08-30 19:36:17,924,993,CAR,0.38,NOT DETECTED,0.00,1197,309,1277,362
2026-08-30 19:36:21,936,1009,CAR,0.33,NOT DETECTED,0.00,844,299,895,342
2026-08-30 19:36:24,946,1025,CAR,0.33,NOT DETECTED,0.00,725,235,768,263
2026-08-30 19:36:25,949,1031,CAR,0.32,NOT DETECTED,0.00,881,263,921,298
2026-08-30 19:36:25,955,1034,CAR,0.37,NOT DETECTED,0.00,1139,298,1211,336
2026-08-30 19:36:26,966,1044,CAR,0.46,NOT DETECTED,0.00,1224,681,1278,719
2026-08-30 19:36:26,974,1057,TRUCK,0.34,NOT DETECTED,0.00,820,373,893,448
2026-08-30 19:36:27,977,1060,CAR,0.34,NOT DETECTED,0.00,766,258,803,300
2026-08-30 19:36:27,978,1061,TRUCK,0.34,NOT DETECTED,0.00,1194,494,1280,624
2026-08-30 19:36:27,980,1062,TRUCK,0.41,NOT DETECTED,0.00,1008,358,1090,429
2026-08-30 19:36:27,983,1070,TRUCK,0.35,NOT DETECTED,0.00,828,386,900,463
2026-08-30 19:36:28,990,1088,CAR,0.31,NOT DETECTED,0.00,824,267,877,320
2026-08-30 19:36:28,990,1089,CAR,0.41,NOT DETECTED,0.00,1151,271,1188,298
2026-08-30 19:36:28,995,1100,CAR,0.42,NOT DETECTED,0.00,1065,541,1232,674
2026-08-30 19:36:28,997,1111,CAR,0.34,NOT DETECTED,0.00,688,248,719,270
2026-08-30 19:36:28,999,1119,CAR,0.35,NOT DETECTED,0.00,834,282,884,324
2026-08-30 19:36:28,999,1121,TRUCK,0.31,NOT DETECTED,0.00,695,299,793,433
2026-08-30 19:36:30,1009,1134,TRUCK,0.34,NOT DETECTED,0.00,845,428,934,522
2026-08-30 19:36:30,1010,1136,CAR,0.33,NOT DETECTED,0.00,997,227,1025,254
2026-08-30 19:36:31,1019,1149,TRUCK,0.39,NOT DETECTED,0.00,1064,397,1167,488
2026-08-30 19:36:31,1019,1150,CAR,0.31,NOT DETECTED,0.00,812,218,848,253
2026-08-30 19:36:31,1022,1152,CAR,0.37,NOT DETECTED,0.00,840,280,890,335
2026-08-30 19:36:32,1028,1164,CAR,0.31,NOT DETECTED,0.00,723,215,773,258
2026-08-30 19:36:32,1034,1169,CAR,0.33,NOT DETECTED,0.00,869,479,975,597
2026-08-30 19:36:32,1038,1174,TRUCK,0.39,NOT DETECTED,0.00,1098,427,1216,523
2026-08-30 19:36:32,1038,1175,CAR,0.34,NOT DETECTED,0.00,842,216,874,238
2026-08-30 19:36:33,1041,1182,CAR,0.40,NOT DETECTED,0.00,878,498,990,625
2026-08-30 19:36:33,1044,1190,CAR,0.40,NOT DETECTED,0.00,1241,371,1279,428
2026-08-30 19:36:35,1046,1193,CAR,0.35,NOT DETECTED,0.00,885,512,999,644
2026-08-30 19:36:35,1046,1194,TRUCK,0.32,NOT DETECTED,0.00,845,285,907,344
2026-08-30 19:36:38,1051,1197,TRUCK,0.38,NOT DETECTED,0.00,889,525,1012,671
2026-08-30 19:36:38,1054,1199,TRUCK,0.45,NOT DETECTED,0.00,1137,451,1272,561
2026-08-30 19:36:38,1057,1204,CAR,0.31,NOT DETECTED,0.00,870,260,914,293
2026-08-30 19:36:39,1060,1206,TRUCK,0.42,NOT DETECTED,0.00,1149,462,1280,577
2026-08-30 19:36:39,1061,1208,TRUCK,0.36,NOT DETECTED,0.00,848,290,909,352
2026-08-30 19:36:39,1067,1217,TRUCK,0.38,NOT DETECTED,0.00,850,291,914,354
2026-08-30 19:36:43,1072,1219,TRUCK,0.43,NOT DETECTED,0.00,1019,481,1151,603
2026-08-30 19:36:43,1075,1221,TRUCK,0.48,NOT DETECTED,0.00,1190,495,1280,625
2026-08-30 19:36:44,1079,1226,CAR,0.33,NOT DETECTED,0.00,841,277,883,320
2026-08-30 19:36:44,1080,1227,CAR,0.37,NOT DETECTED,0.00,589,259,649,279
2026-08-30 19:36:44,1083,1230,CAR,0.36,NOT DETECTED,0.00,787,218,818,245
2026-08-30 19:36:44,1085,1235,TRUCK,0.35,NOT DETECTED,0.00,675,504,1103,713
2026-08-30 19:36:44,1088,1241,CAR,0.34,NOT DETECTED,0.00,692,244,725,269
2026-08-30 19:36:44,1090,1247,CAR,0.33,NOT DETECTED,0.00,1254,309,1279,342
2026-08-30 19:36:45,1092,1252,CAR,0.32,NOT DETECTED,0.00,865,305,925,370
2026-08-30 19:36:45,1099,1262,CAR,0.32,NOT DETECTED,0.00,870,246,902,275
2026-08-30 19:36:46,1111,1273,CAR,0.31,NOT DETECTED,0.00,831,222,866,249
2026-08-30 19:36:46,1113,1278,CAR,0.40,NOT DETECTED,0.00,1214,291,1278,332
2026-08-30 19:36:46,1113,1282,CAR,0.34,NOT DETECTED,0.00,689,333,816,510
2026-08-30 19:36:46,1117,1291,CAR,0.43,NOT DETECTED,0.00,1247,335,1279,383
2026-08-30 19:36:50,1138,1302,TRUCK,0.32,NOT DETECTED,0.00,683,337,805,523
2026-08-30 19:36:51,1144,1305,TRUCK,0.35,NOT DETECTED,0.00,679,340,799,526
2026-08-30 19:36:51,1147,1307,TRUCK,0.44,NOT DETECTED,0.00,679,339,800,526
2026-08-30 19:36:51,1151,1311,CAR,0.36,NOT DETECTED,0.00,998,228,1025,248
2026-08-30 19:36:52,1154,1316,TRUCK,0.42,NOT DETECTED,0.00,676,342,795,535
2026-08-30 19:36:52,1158,1320,TRUCK,0.42,NOT DETECTED,0.00,901,337,986,425
2026-08-30 19:36:54,1178,1334,CAR,0.34,NOT DETECTED,0.00,918,302,967,335
2026-08-30 19:36:54,1178,1335,TRUCK,0.37,NOT DETECTED,0.00,916,353,1006,448
2026-08-30 19:36:54,1182,1340,CAR,0.34,NOT DETECTED,0.00,691,248,725,270
2026-08-30 19:36:54,1183,1342,CAR,0.35,NOT DETECTED,0.00,577,258,620,281
2026-08-30 19:36:54,1187,1349,CAR,0.34,NOT DETECTED,0.00,667,242,717,272
2026-08-30 19:36:54,1189,1351,CAR,0.34,NOT DETECTED,0.00,930,367,1017,463
2026-08-30 19:36:59,1191,1354,MOTORCYCLE,0.43,NOT DETECTED,0.00,857,456,886,520
2026-08-30 19:36:59,1196,1364,CAR,0.37,NOT DETECTED,0.00,1006,261,1040,285
2026-08-30 19:36:59,1197,1366,CAR,0.33,NOT DETECTED,0.00,875,224,907,244
2026-08-30 19:36:59,1200,1371,TRUCK,0.39,NOT DETECTED,0.00,1050,526,1206,675
2026-08-30 19:36:59,1200,1372,TRUCK,0.39,NOT DETECTED,0.00,628,357,796,565
2026-08-30 19:37:00,1201,1374,BUS,0.37,NOT DETECTED,0.00,1209,269,1279,358
2026-08-30 19:37:00,1210,1392,CAR,0.32,NOT DETECTED,0.00,820,231,851,256
2026-08-30 19:37:00,1211,1393,CAR,0.37,NOT DETECTED,0.00,945,384,1055,497
2026-08-30 19:37:01,1217,1395,CAR,0.36,NOT DETECTED,0.00,714,241,745,262
2026-08-30 19:37:04,1225,1398,TRUCK,0.34,NOT DETECTED,0.00,1162,485,1280,594
2026-08-30 19:37:07,1231,1404,CAR,0.32,NOT DETECTED,0.00,817,242,852,266
2026-08-30 19:37:07,1237,1407,TRUCK,0.35,NOT DETECTED,0.00,1035,386,1140,461
2026-08-30 19:37:07,1241,1411,TRUCK,0.35,NOT DETECTED,0.00,854,400,929,493
2026-08-30 19:37:07,1241,1412,CAR,0.38,NOT DETECTED,0.00,1253,334,1278,392
2026-08-30 19:37:08,1245,1413,TRUCK,0.37,NOT DETECTED,0.00,856,403,931,499
2026-08-30 19:37:08,1249,1420,TRUCK,0.37,NOT DETECTED,0.00,1051,398,1163,481
2026-08-30 19:37:08,1250,1422,TRUCK,0.43,NOT DETECTED,0.00,907,349,983,414
2026-08-30 19:37:09,1262,1443,TRUCK,0.32,NOT DETECTED,0.00,865,425,947,531
2026-08-30 19:37:09,1264,1445,CAR,0.35,NOT DETECTED,0.00,618,257,649,278
2026-08-30 19:37:09,1269,1448,TRUCK,0.33,NOT DETECTED,0.00,1199,317,1278,372
2026-08-30 19:37:15,1295,1468,CAR,0.36,NOT DETECTED,0.00,1156,304,1233,348
2026-08-30 19:37:15,1298,1471,TRUCK,0.42,NOT DETECTED,0.00,1129,458,1280,566
2026-08-30 19:37:16,1303,1479,TRUCK,0.38,NOT DETECTED,0.00,1138,465,1280,568
2026-08-30 19:37:19,1312,1490,TRUCK,0.49,NOT DETECTED,0.00,903,513,1017,662
2026-08-30 19:37:19,1313,1493,CAR,0.32,NOT DETECTED,0.00,829,272,865,301
2026-08-30 19:37:19,1318,1499,TRUCK,0.40,NOT DETECTED,0.00,912,525,1027,684
2026-08-30 19:37:20,1321,1507,CAR,0.34,NOT DETECTED,0.00,623,258,650,277
2026-08-30 19:37:21,1334,1513,CAR,0.57,NOT DETECTED,0.00,1258,350,1278,384
2026-08-30 19:37:21,1336,1515,CAR,0.34,NOT DETECTED,0.00,819,231,852,252
2026-08-30 19:37:22,1348,1517,CAR,0.34,NOT DETECTED,0.00,825,282,873,301
2026-08-30 19:37:23,1365,1522,CAR,0.45,NOT DETECTED,0.00,877,259,912,281
2026-08-30 19:37:24,1376,1531,CAR,0.37,NOT DETECTED,0.00,575,259,627,282
2026-08-30 19:37:24,1378,1532,CAR,0.36,NOT DETECTED,0.00,1080,276,1126,308
2026-08-30 19:37:24,1386,1533,TRUCK,0.32,NOT DETECTED,0.00,885,317,944,375
2026-08-30 19:37:29,1394,1541,CAR,0.32,NOT DETECTED,0.00,813,242,846,275
2026-08-30 19:37:30,1401,1544,TRUCK,0.43,NOT DETECTED,0.00,1075,411,1183,499
2026-08-30 19:37:30,1405,1548,MOTORCYCLE,0.43,NOT DETECTED,0.00,832,448,863,518
2026-08-30 19:37:31,1417,1555,CAR,0.31,NOT DETECTED,0.00,766,269,801,304
2026-08-30 19:37:34,1431,1557,CAR,0.34,NOT DETECTED,0.00,886,263,924,286
2026-08-30 19:37:35,1443,1562,CAR,0.43,NOT DETECTED,0.00,1138,449,1280,565
2026-08-30 19:37:36,1449,1568,CAR,0.37,NOT DETECTED,0.00,912,339,980,407
2026-08-30 19:37:36,1454,1577,CAR,0.35,NOT DETECTED,0.00,1092,270,1145,308
2026-08-30 19:37:37,1462,1594,TRUCK,0.32,NOT DETECTED,0.00,761,281,811,322
2026-08-30 19:37:37,1463,1595,CAR,0.42,NOT DETECTED,0.00,1175,478,1280,602
2026-08-30 19:37:37,1463,1596,CAR,0.33,NOT DETECTED,0.00,762,281,812,322
2026-08-30 19:37:37,1464,1597,TRUCK,0.35,NOT DETECTED,0.00,907,345,994,413
2026-08-30 19:37:39,1466,1598,TRUCK,0.31,NOT DETECTED,0.00,763,283,813,325
2026-08-30 19:37:40,1470,1601,TRUCK,0.32,NOT DETECTED,0.00,1191,489,1280,621
2026-08-30 19:37:40,1474,1606,CAR,0.32,NOT DETECTED,0.00,835,216,866,239
2026-08-30 19:37:40,1480,1618,CAR,0.34,NOT DETECTED,0.00,930,354,1010,423
2026-08-30 19:37:41,1486,1630,TRUCK,0.34,NOT DETECTED,0.00,1243,321,1279,383
2026-08-30 19:37:41,1489,1634,CAR,0.36,NOT DETECTED,0.00,854,292,896,325
2026-08-30 19:37:42,1499,1646,CAR,0.33,NOT DETECTED,0.00,952,364,1027,433
2026-08-30 19:37:42,1507,1664,CAR,0.34,NOT DETECTED,0.00,877,262,916,294
2026-08-30 19:37:43,1512,1669,CAR,0.32,NOT DETECTED,0.00,827,219,861,244
2026-08-30 19:37:43,1515,1670,TRUCK,0.48,NOT DETECTED,0.00,965,372,1046,445
2026-08-30 19:37:43,1519,1675,CAR,0.43,NOT DETECTED,0.00,973,240,997,257
2026-08-30 19:37:43,1523,1678,CAR,0.38,NOT DETECTED,0.00,733,393,801,459
2026-08-30 19:37:44,1530,1681,TRUCK,0.41,NOT DETECTED,0.00,982,379,1065,458
2026-08-30 19:37:44,1533,1682,TRUCK,0.39,NOT DETECTED,0.00,971,380,1061,460
2026-08-30 19:37:45,1544,1701,CAR,0.34,NOT DETECTED,0.00,826,227,854,249
2026-08-30 19:37:45,1549,1710,CAR,0.34,NOT DETECTED,0.00,1142,305,1178,327
2026-08-30 19:37:45,1551,1712,CAR,0.33,NOT DETECTED,0.00,761,226,789,251
2026-08-30 19:37:45,1551,1713,MOTORCYCLE,0.42,NOT DETECTED,0.00,743,444,776,522
2026-08-30 19:37:47,1555,1722,CAR,0.35,NOT DETECTED,0.00,849,196,884,217
2026-08-30 19:37:47,1556,1725,CAR,0.31,NOT DETECTED,0.00,876,226,905,246
2026-08-30 19:37:50,1564,1736,TRUCK,0.38,NOT DETECTED,0.00,1027,401,1116,488
2026-08-30 19:37:51,1580,1739,CAR,0.32,NOT DETECTED,0.00,1050,416,1146,505
2026-08-30 19:37:51,1583,1743,CAR,0.34,NOT DETECTED,0.00,1055,418,1153,508
2026-08-30 19:37:51,1583,1744,MOTORCYCLE,0.35,NOT DETECTED,0.00,759,527,803,636
2026-08-30 19:37:51,1586,1745,TRUCK,0.43,NOT DETECTED,0.00,888,488,1008,616
2026-08-30 19:37:51,1589,1749,TRUCK,0.36,NOT DETECTED,0.00,791,351,857,417
2026-08-30 19:37:52,1594,1753,TRUCK,0.36,NOT DETECTED,0.00,0,482,251,674
2026-08-30 19:37:52,1600,1760,TRUCK,0.34,NOT DETECTED,0.00,1084,434,1192,531
2026-08-30 19:37:52,1601,1761,CAR,0.35,NOT DETECTED,0.00,799,259,832,284
2026-08-30 19:37:52,1601,1762,TRUCK,0.36,NOT DETECTED,0.00,1085,435,1195,533
2026-08-30 19:37:52,1603,1764,CAR,0.38,NOT DETECTED,0.00,750,287,793,322
2026-08-30 19:37:53,1604,1765,TRUCK,0.42,NOT DETECTED,0.00,0,481,234,673
2026-08-30 19:37:53,1607,1770,CAR,0.39,NOT DETECTED,0.00,1256,316,1278,349
2026-08-30 19:37:53,1609,1773,TRUCK,0.49,NOT DETECTED,0.00,0,481,233,675
2026-08-30 19:37:56,1621,1779,CAR,0.34,NOT DETECTED,0.00,768,223,812,264
2026-08-30 19:37:56,1625,1782,CAR,0.36,NOT DETECTED,0.00,1245,494,1280,538
2026-08-30 19:37:56,1627,1786,CAR,0.32,NOT DETECTED,0.00,726,227,767,262
2026-08-30 19:37:56,1628,1787,CAR,0.31,NOT DETECTED,0.00,816,243,848,268
2026-08-30 19:37:56,1628,1789,CAR,0.33,NOT DETECTED,0.00,767,243,808,266
2026-08-30 19:37:56,1629,1790,MOTORCYCLE,0.35,NOT DETECTED,0.00,735,462,766,534
2026-08-30 19:37:57,1633,1792,CAR,0.36,NOT DETECTED,0.00,533,254,592,284
2026-08-30 19:37:57,1634,1793,TRUCK,0.33,NOT DETECTED,0.00,807,397,891,481
2026-08-30 19:37:57,1638,1795,TRUCK,0.39,NOT DETECTED,0.00,809,402,896,487
2026-08-30 19:37:58,1645,1800,CAR,0.35,NOT DETECTED,0.00,760,247,797,273
2026-08-30 19:37:58,1645,1801,TRUCK,0.35,NOT DETECTED,0.00,890,344,964,400
2026-08-30 19:37:58,1654,1807,CAR,0.32,NOT DETECTED,0.00,999,231,1023,248
2026-08-30 19:37:58,1655,1808,TRUCK,0.36,NOT DETECTED,0.00,823,427,913,518
2026-08-30 19:37:59,1664,1817,TRUCK,0.38,NOT DETECTED,0.00,0,487,148,671
2026-08-30 19:38:00,1672,1823,CAR,0.37,NOT DETECTED,0.00,690,244,715,270
2026-08-30 19:38:00,1675,1828,CAR,0.32,NOT DETECTED,0.00,1148,270,1191,302
2026-08-30 19:38:00,1682,1832,CAR,0.45,NOT DETECTED,0.00,1264,345,1278,390
2026-08-30 19:38:01,1690,1839,TRUCK,0.41,NOT DETECTED,0.00,854,491,970,611
2026-08-30 19:38:01,1693,1846,TRUCK,0.36,NOT DETECTED,0.00,856,497,975,620
2026-08-30 19:38:01,1693,1847,CAR,0.44,NOT DETECTED,0.00,1236,536,1277,635
2026-08-30 19:38:01,1693,1849,CAR,0.35,NOT DETECTED,0.00,680,242,720,271
2026-08-30 19:38:01,1695,1855,CAR,0.40,NOT DETECTED,0.00,1230,321,1279,384
2026-08-30 19:38:01,1695,1856,CAR,0.33,NOT DETECTED,0.00,795,213,828,240
2026-08-30 19:38:01,1696,1858,CAR,0.32,NOT DETECTED,0.00,662,244,689,272
2026-08-30 19:38:02,1707,1865,MOTORCYCLE,0.41,NOT DETECTED,0.00,766,552,801,644
2026-08-30 19:38:02,1708,1866,BUS,0.35,NOT DETECTED,0.00,0,493,105,672
2026-08-30 19:38:02,1709,1868,TRUCK,0.35,NOT DETECTED,0.00,877,540,1011,684
2026-08-30 19:38:10,1720,1875,CAR,0.34,NOT DETECTED,0.00,751,248,797,275
2026-08-30 19:38:10,1721,1876,TRUCK,0.34,NOT DETECTED,0.00,1064,410,1168,488
2026-08-30 19:38:10,1728,1880,CAR,0.34,NOT DETECTED,0.00,871,244,909,285
2026-08-30 19:38:11,1740,1895,CAR,0.38,NOT DETECTED,0.00,1157,294,1216,341
2026-08-30 19:38:11,1743,1904,CAR,0.39,NOT DETECTED,0.00,742,280,789,312
2026-08-30 19:38:12,1748,1910,CAR,0.44,NOT DETECTED,0.00,597,258,642,279
2026-08-30 19:38:12,1752,1916,CAR,0.34,NOT DETECTED,0.00,820,217,850,242
2026-08-30 19:38:13,1768,1924,TRUCK,0.46,NOT DETECTED,0.00,1129,457,1267,556
2026-08-30 19:38:13,1769,1926,CAR,0.35,NOT DETECTED,0.00,885,273,926,298
2026-08-30 19:38:13,1771,1928,CAR,0.33,NOT DETECTED,0.00,869,229,896,251
2026-08-30 19:38:14,1774,1930,CAR,0.33,NOT DETECTED,0.00,884,258,924,298
2026-08-30 19:38:14,1785,1933,TRUCK,0.40,NOT DETECTED,0.00,1156,482,1280,585
2026-08-30 19:38:15,1790,1934,CAR,0.45,NOT DETECTED,0.00,1165,488,1280,595
2026-08-30 19:38:15,1796,1937,TRUCK,0.44,NOT DETECTED,0.00,1011,489,1147,603
2026-08-30 19:38:15,1800,1938,TRUCK,0.49,NOT DETECTED,0.00,1016,498,1157,614
2026-08-30 19:38:15,1800,1939,CAR,0.33,NOT DETECTED,0.00,1031,382,1129,458
2026-08-30 19:38:16,1806,1944,CAR,0.32,NOT DETECTED,0.00,892,260,940,309
2026-08-30 19:38:16,1807,1945,TRUCK,0.43,NOT DETECTED,0.00,1025,511,1176,634
2026-08-30 19:38:16,1810,1947,TRUCK,0.33,NOT DETECTED,0.00,1201,517,1280,635
2026-08-30 19:38:16,1813,1950,CAR,0.41,NOT DETECTED,0.00,1036,518,1194,653
2026-08-30 19:38:17,1817,1951,TRUCK,0.42,NOT DETECTED,0.00,1045,521,1208,667
2026-08-30 19:38:17,1817,1952,CAR,0.42,NOT DETECTED,0.00,1252,288,1279,320
2026-08-30 19:38:17,1820,1955,TRUCK,0.39,NOT DETECTED,0.00,1051,539,1216,678
2026-08-30 19:38:17,1821,1957,TRUCK,0.35,NOT DETECTED,0.00,1059,400,1165,486
2026-08-30 19:38:17,1825,1963,TRUCK,0.46,NOT DETECTED,0.00,1063,403,1172,490
2026-08-30 19:38:17,1825,1964,TRUCK,0.32,NOT DETECTED,0.00,885,315,940,368
2026-08-30 19:38:18,1835,1970,CAR,0.32,NOT DETECTED,0.00,737,281,782,316
2026-08-30 19:38:19,1846,1982,CAR,0.33,NOT DETECTED,0.00,914,297,963,325
2026-08-30 19:38:20,1857,1998,CAR,0.32,NOT DETECTED,0.00,856,249,886,274
2026-08-30 19:38:20,1862,2002,MOTORCYCLE,0.46,NOT DETECTED,0.00,887,460,918,519
2026-08-30 19:38:20,1862,2003,CAR,0.36,NOT DETECTED,0.00,905,357,958,400
2026-08-30 19:38:20,1863,2004,CAR,0.33,NOT DETECTED,0.00,885,275,920,304
2026-08-30 19:38:21,1871,2012,CAR,0.37,NOT DETECTED,0.00,929,312,977,335
2026-08-30 19:38:21,1875,2017,CAR,0.34,NOT DETECTED,0.00,799,245,830,267
2026-08-30 19:38:21,1878,2018,TRUCK,0.49,NOT DETECTED,0.00,1136,457,1280,568
2026-08-30 19:38:22,1886,2023,TRUCK,0.32,NOT DETECTED,0.00,906,335,973,409
2026-08-30 19:38:22,1888,2027,TRUCK,0.44,NOT DETECTED,0.00,1151,470,1279,582
2026-08-30 19:38:22,1893,2030,CAR,0.49,NOT DETECTED,0.00,1258,322,1277,379
2026-08-30 19:38:22,1893,2031,CAR,0.32,NOT DETECTED,0.00,829,270,862,298
2026-08-30 19:38:24,1895,2035,CAR,0.35,NOT DETECTED,0.00,912,341,975,416
2026-08-30 19:38:25,1903,2045,TRUCK,0.32,NOT DETECTED,0.00,900,272,941,314
2026-08-30 19:38:25,1903,2047,CAR,0.35,NOT DETECTED,0.00,936,292,998,350
2026-08-30 19:38:25,1909,2055,BUS,0.34,NOT DETECTED,0.00,1220,309,1278,369
2026-08-30 19:38:26,1915,2063,TRUCK,0.43,NOT DETECTED,0.00,1187,501,1280,623
2026-08-30 19:38:26,1915,2064,TRUCK,0.39,NOT DETECTED,0.00,953,433,1058,533
2026-08-30 19:38:26,1917,2067,TRUCK,0.37,NOT DETECTED,0.00,940,293,1005,357
2026-08-30 19:38:26,1918,2069,TRUCK,0.40,NOT DETECTED,0.00,955,437,1064,537
2026-08-30 19:38:28,1920,2075,CAR,0.34,NOT DETECTED,0.00,831,274,872,309
2026-08-30 19:38:31,1923,2077,TRUCK,0.40,NOT DETECTED,0.00,1199,511,1280,638
2026-08-30 19:38:31,1924,2078,TRUCK,0.42,NOT DETECTED,0.00,961,442,1074,550
2026-08-30 19:38:31,1928,2082,CAR,0.39,NOT DETECTED,0.00,950,322,1018,364
2026-08-30 19:38:32,1939,2103,CAR,0.38,NOT DETECTED,0.00,936,371,1010,454
2026-08-30 19:38:32,1939,2105,CAR,0.34,NOT DETECTED,0.00,1162,291,1229,341
2026-08-30 19:38:33,1949,2115,CAR,0.36,NOT DETECTED,0.00,841,287,881,319
2026-08-30 19:38:33,1950,2116,TRUCK,0.33,NOT DETECTED,0.00,939,374,1024,465
2026-08-30 19:38:34,1958,2124,TRUCK,0.45,NOT DETECTED,0.00,818,400,910,491
2026-08-30 19:38:34,1961,2128,TRUCK,0.36,NOT DETECTED,0.00,949,384,1034,477
2026-08-30 19:38:34,1961,2130,CAR,0.32,NOT DETECTED,0.00,818,214,852,249
2026-08-30 19:38:35,1970,2136,TRUCK,0.35,NOT DETECTED,0.00,959,391,1047,488
2026-08-30 19:38:35,1971,2139,CAR,0.33,NOT DETECTED,0.00,786,264,824,293
2026-08-30 19:38:35,1975,2149,CAR,0.33,NOT DETECTED,0.00,843,212,870,240
2026-08-30 19:38:36,1978,2157,CAR,0.38,NOT DETECTED,0.00,986,322,1050,398
2026-08-30 19:38:36,1978,2158,CAR,0.32,NOT DETECTED,0.00,848,296,893,328
2026-08-30 19:38:38,1992,2161,CAR,0.39,NOT DETECTED,0.00,979,421,1072,521
2026-08-30 19:38:38,1992,2162,TRUCK,0.33,NOT DETECTED,0.00,842,447,952,555
2026-08-30 19:38:38,1994,2163,CAR,0.33,NOT DETECTED,0.00,852,281,892,309
2026-08-30 19:38:39,2001,2166,CAR,0.33,NOT DETECTED,0.00,999,331,1070,414
2026-08-30 19:38:40,2010,2173,TRUCK,0.38,NOT DETECTED,0.00,859,479,982,599
2026-08-30 19:38:41,2021,2189,CAR,0.33,NOT DETECTED,0.00,961,312,1020,370
2026-08-30 19:38:41,2026,2196,CAR,0.35,NOT DETECTED,0.00,1018,445,1141,588
2026-08-30 19:38:41,2030,2199,CAR,0.36,NOT DETECTED,0.00,776,288,823,324
2026-08-30 19:38:41,2031,2200,CAR,0.46,NOT DETECTED,0.00,1261,339,1278,384
2026-08-30 19:38:42,2040,2205,CAR,0.36,NOT DETECTED,0.00,1041,481,1175,625
2026-08-30 19:38:42,2043,2206,CAR,0.35,NOT DETECTED,0.00,1231,320,1278,379
2026-08-30 19:38:43,2050,2212,CAR,0.36,NOT DETECTED,0.00,1041,361,1131,459
2026-08-30 19:38:43,2051,2214,CAR,0.44,NOT DETECTED,0.00,1061,501,1208,661
2026-08-30 19:38:44,2065,2224,CAR,0.37,NOT DETECTED,0.00,985,329,1059,398
2026-08-30 19:38:47,2086,2238,CAR,0.34,NOT DETECTED,0.00,871,310,914,342
2026-08-30 19:38:49,2091,2240,CAR,0.33,NOT DETECTED,0.00,811,254,845,275
2026-08-30 19:38:50,2094,2244,CAR,0.33,NOT DETECTED,0.00,869,311,916,355
2026-08-30 19:39:00,2126,2254,TRUCK,0.37,NOT DETECTED,0.00,971,455,1084,553
2026-08-30 19:39:01,2128,2258,CAR,0.35,NOT DETECTED,0.00,1039,376,1125,455
2026-08-30 19:39:01,2131,2262,CAR,0.37,NOT DETECTED,0.00,1089,266,1149,307
2026-08-30 19:39:01,2132,2264,TRUCK,0.34,NOT DETECTED,0.00,981,455,1096,565
2026-08-30 19:39:02,2135,2269,CAR,0.33,NOT DETECTED,0.00,814,240,856,286
2026-08-30 19:39:02,2140,2272,CAR,0.47,NOT DETECTED,0.00,1256,344,1278,386
2026-08-30 19:39:05,2149,2276,TRUCK,0.38,NOT DETECTED,0.00,1163,438,1280,588
2026-08-30 19:39:05,2151,2279,CAR,0.34,NOT DETECTED,0.00,782,323,838,357
2026-08-30 19:39:07,2161,2291,BUS,0.43,NOT DETECTED,0.00,1183,451,1280,608
2026-08-30 19:39:09,2166,2296,BUS,0.43,NOT DETECTED,0.00,1191,455,1279,619
2026-08-30 19:39:09,2167,2299,CAR,0.31,NOT DETECTED,0.00,1075,407,1185,502
2026-08-30 19:39:10,2169,2301,CAR,0.31,NOT DETECTED,0.00,1001,226,1024,244
2026-08-30 19:39:13,2183,2306,TRUCK,0.40,NOT DETECTED,0.00,1096,415,1212,522
2026-08-30 19:39:13,2184,2309,CAR,0.37,NOT DETECTED,0.00,1159,304,1229,345
2026-08-30 19:39:16,2190,2318,TRUCK,0.32,NOT DETECTED,0.00,1106,420,1225,531
2026-08-30 19:39:17,2193,2322,BUS,0.31,NOT DETECTED,0.00,0,500,63,669
2026-08-30 19:39:17,2195,2324,TRUCK,0.34,NOT DETECTED,0.00,1112,424,1235,536
2026-08-30 19:39:18,2200,2326,CAR,0.37,NOT DETECTED,0.00,1119,430,1245,545
2026-08-30 19:39:18,2200,2328,CAR,0.39,NOT DETECTED,0.00,1249,497,1280,634
2026-08-30 19:39:19,2201,2329,CAR,0.37,NOT DETECTED,0.00,868,196,894,216
2026-08-30 19:39:19,2202,2332,CAR,0.33,NOT DETECTED,0.00,822,249,872,308
2026-08-30 19:39:20,2205,2335,TRUCK,0.38,NOT DETECTED,0.00,926,368,1000,434
2026-08-30 19:39:21,2209,2338,BUS,0.32,NOT DETECTED,0.00,0,499,62,668
2026-08-30 19:39:21,2210,2339,TRUCK,0.44,NOT DETECTED,0.00,1136,440,1268,558
2026-08-30 19:39:21,2210,2340,TRUCK,0.31,NOT DETECTED,0.00,806,337,867,397
2026-08-30 19:39:22,2215,2343,TRUCK,0.42,NOT DETECTED,0.00,974,426,1076,523
2026-08-30 19:39:23,2220,2349,CAR,0.36,NOT DETECTED,0.00,1145,449,1280,574
2026-08-30 19:39:24,2223,2353,CAR,0.36,NOT DETECTED,0.00,1099,278,1157,315
2026-08-30 19:39:24,2225,2355,CAR,0.34,NOT DETECTED,0.00,819,236,855,258
2026-08-30 19:39:27,2230,2358,CAR,0.42,NOT DETECTED,0.00,1160,458,1280,589
2026-08-30 19:39:30,2239,2371,BUS,0.35,NOT DETECTED,0.00,1173,465,1280,604
2026-08-30 19:39:33,2245,2381,TRUCK,0.31,NOT DETECTED,0.00,0,500,61,668
2026-08-30 19:39:33,2246,2382,TRUCK,0.32,NOT DETECTED,0.00,822,366,893,438
2026-08-30 19:39:33,2248,2383,TRUCK,0.44,NOT DETECTED,0.00,1021,475,1151,595
2026-08-30 19:39:33,2250,2386,CAR,0.43,NOT DETECTED,0.00,1255,345,1279,382
2026-08-30 19:39:33,2253,2387,TRUCK,0.35,NOT DETECTED,0.00,826,372,899,446
2026-08-30 19:39:34,2259,2389,TRUCK,0.32,NOT DETECTED,0.00,1200,481,1280,636
2026-08-30 19:39:34,2261,2392,TRUCK,0.40,NOT DETECTED,0.00,832,379,906,456
2026-08-30 19:39:37,2269,2398,TRUCK,0.33,NOT DETECTED,0.00,837,386,914,466
2026-08-30 19:39:41,2275,2402,TRUCK,0.41,NOT DETECTED,0.00,1072,523,1227,677
2026-08-30 19:39:42,2278,2407,TRUCK,0.36,NOT DETECTED,0.00,841,395,921,477
2026-08-30 19:39:45,2281,2418,CAR,0.32,NOT DETECTED,0.00,823,254,854,287
2026-08-30 19:39:48,2287,2435,CAR,0.31,NOT DETECTED,0.00,902,187,933,213
2026-08-30 19:39:50,2292,2437,CAR,0.49,NOT DETECTED,0.00,1200,314,1264,359
2026-08-30 19:39:53,2300,2441,TRUCK,0.38,NOT DETECTED,0.00,847,274,917,349
2026-08-30 19:39:55,2304,2442,CAR,0.40,NOT DETECTED,0.00,860,428,948,520
2026-08-30 19:39:56,2309,2448,CAR,0.39,NOT DETECTED,0.00,1258,313,1278,340
2026-08-30 19:39:57,2313,2451,CAR,0.36,NOT DETECTED,0.00,830,268,862,299
2026-08-30 19:39:57,2320,2458,CAR,0.40,NOT DETECTED,0.00,1260,351,1278,387
2026-08-30 19:39:59,2331,2469,TRUCK,0.45,NOT DETECTED,0.00,1066,525,1214,651
2026-08-30 19:40:00,2333,2474,CAR,0.34,NOT DETECTED,0.00,839,248,880,278
2026-08-30 19:40:00,2334,2478,TRUCK,0.44,NOT DETECTED,0.00,1071,533,1225,662
2026-08-30 19:40:01,2337,2484,CAR,0.33,NOT DETECTED,0.00,1222,295,1276,331
2026-08-30 19:40:02,2342,2494,CAR,0.41,NOT DETECTED,0.00,892,490,1004,612
2026-08-30 19:40:03,2350,2496,TRUCK,0.34,NOT DETECTED,0.00,899,507,1017,638
2026-08-30 19:40:03,2350,2497,CAR,0.33,NOT DETECTED,0.00,866,196,895,216
2026-08-30 19:40:04,2355,2498,CAR,0.32,NOT DETECTED,0.00,1138,301,1189,328
2026-08-30 19:40:04,2356,2499,CAR,0.33,NOT DETECTED,0.00,906,521,1031,663
2026-08-30 19:40:05,2363,2506,TRUCK,0.44,NOT DETECTED,0.00,916,539,1048,689
2026-08-30 19:40:06,2369,2510,CAR,0.33,NOT DETECTED,0.00,881,338,943,392
2026-08-30 19:40:06,2372,2514,TRUCK,0.33,NOT DETECTED,0.00,958,316,1019,372
2026-08-30 19:40:07,2377,2517,CAR,0.33,NOT DETECTED,0.00,891,203,916,226
2026-08-30 19:40:08,2387,2520,CAR,0.48,NOT DETECTED,0.00,954,616,1103,718
2026-08-30 19:40:13,2406,2531,TRUCK,0.33,NOT DETECTED,0.00,892,321,973,423
2026-08-30 19:40:14,2410,2535,CAR,0.34,NOT DETECTED,0.00,890,210,912,228
2026-08-30 19:40:15,2417,2540,CAR,0.32,NOT DETECTED,0.00,1150,304,1227,343
2026-08-30 19:40:15,2419,2543,TRUCK,0.32,NOT DETECTED,0.00,900,325,989,434
2026-08-30 19:40:15,2420,2544,CAR,0.31,NOT DETECTED,0.00,482,291,524,316
2026-08-30 19:40:17,2438,2559,CAR,0.33,NOT DETECTED,0.00,913,341,1000,455
2026-08-30 19:40:17,2443,2562,CAR,0.52,NOT DETECTED,0.00,892,292,947,322
2026-08-30 19:40:18,2451,2566,CAR,0.47,NOT DETECTED,0.00,1239,383,1278,437
2026-08-30 19:40:23,2461,2582,CAR,0.32,NOT DETECTED,0.00,1085,268,1134,307
2026-08-30 19:40:23,2461,2584,CAR,0.31,NOT DETECTED,0.00,850,210,880,230
2026-08-30 19:40:25,2472,2591,CAR,0.41,NOT DETECTED,0.00,915,310,963,336
2026-08-30 19:40:28,2480,2593,CAR,0.36,NOT DETECTED,0.00,940,372,1050,504
2026-08-30 19:40:32,2511,2603,CAR,0.38,NOT DETECTED,0.00,968,400,1091,551
2026-08-30 19:40:34,2528,2609,CAR,0.37,NOT DETECTED,0.00,982,418,1122,580
2026-08-30 19:40:35,2535,2615,TRUCK,0.39,NOT DETECTED,0.00,953,315,1015,375
2026-08-30 19:40:35,2538,2619,CAR,0.36,NOT DETECTED,0.00,1264,351,1278,389
2026-08-30 19:40:37,2553,2631,CAR,0.35,NOT DETECTED,0.00,966,320,1033,390
2026-08-30 19:40:38,2565,2637,TRUCK,0.35,NOT DETECTED,0.00,975,325,1049,400
2026-08-30 19:40:40,2577,2645,CAR,0.31,NOT DETECTED,0.00,796,217,824,238
2026-08-30 19:40:41,2580,2648,TRUCK,0.41,NOT DETECTED,0.00,1043,478,1234,685
2026-08-30 19:40:41,2587,2664,BUS,0.36,NOT DETECTED,0.00,1058,491,1251,703
2026-08-30 19:40:41,2588,2665,CAR,0.31,NOT DETECTED,0.00,1157,273,1194,308
2026-08-30 19:40:42,2592,2670,TRUCK,0.37,NOT DETECTED,0.00,999,344,1078,423
2026-08-30 19:40:42,2594,2673,TRUCK,0.30,NOT DETECTED,0.00,0,499,63,669
2026-08-30 19:40:43,2598,2677,CAR,0.38,NOT DETECTED,0.00,1073,505,1280,717
2026-08-30 19:40:43,2599,2678,TRUCK,0.30,NOT DETECTED,0.00,0,499,63,669
2026-08-30 19:40:43,2606,2682,CAR,0.32,NOT DETECTED,0.00,1087,516,1280,718
2026-08-30 19:40:43,2607,2683,CAR,0.40,NOT DETECTED,0.00,1210,491,1277,577
2026-08-30 19:40:43,2609,2684,TRUCK,0.32,NOT DETECTED,0.00,1017,357,1100,438
2026-08-30 19:40:44,2614,2687,TRUCK,0.51,NOT DETECTED,0.00,1108,531,1279,718
2026-08-30 19:40:44,2622,2692,CAR,0.32,NOT DETECTED,0.00,1050,294,1097,323
2026-08-30 19:40:44,2624,2694,BIKE/SCOOTY,0.38,NOT DETECTED,0.00,819,487,855,563
2026-08-30 19:40:45,2639,2696,CAR,0.39,NOT DETECTED,0.00,1254,531,1279,591
2026-08-30 19:40:46,2645,2698,CAR,0.37,NOT DETECTED,0.00,1057,384,1150,474
2026-08-30 19:40:46,2651,2700,BIKE/SCOOTY,0.35,NOT DETECTED,0.00,818,549,860,634
2026-08-30 19:40:46,2654,2703,CAR,0.46,NOT DETECTED,0.00,1069,395,1165,483
2026-08-30 19:40:47,2661,2706,CAR,0.41,NOT DETECTED,0.00,1260,327,1279,391
2026-08-30 19:40:48,2683,2708,CAR,0.33,NOT DETECTED,0.00,1192,302,1238,347
2026-08-30 19:40:49,2688,2710,TRUCK,0.41,NOT DETECTED,0.00,1108,422,1221,522
2026-08-30 19:40:49,2688,2711,TRUCK,0.32,NOT DETECTED,0.00,1242,307,1279,386
2026-08-30 19:40:55,2701,2717,TRUCK,0.44,NOT DETECTED,0.00,1124,435,1245,536
2026-08-30 19:40:55,2702,2720,TRUCK,0.30,NOT DETECTED,0.00,0,499,65,670
2026-08-30 19:40:55,2702,2722,TRUCK,0.32,NOT DETECTED,0.00,1231,305,1279,384
2026-08-30 19:40:57,2724,2744,CAR,0.31,NOT DETECTED,0.00,1218,301,1279,377
2026-08-30 19:40:57,2731,2755,CAR,0.35,NOT DETECTED,0.00,1153,440,1279,569
2026-08-30 19:40:57,2732,2758,CAR,0.32,NOT DETECTED,0.00,1017,277,1069,303
2026-08-30 19:40:57,2733,2760,TRUCK,0.32,NOT DETECTED,0.00,1163,637,1279,718
2026-08-30 19:40:58,2745,2773,BUS,0.32,NOT DETECTED,0.00,0,499,65,669
2026-08-30 19:40:59,2753,2774,CAR,0.43,NOT DETECTED,0.00,1182,476,1279,593
2026-08-30 19:41:00,2775,2783,BUS,0.32,NOT DETECTED,0.00,1199,465,1280,616
2026-08-30 19:41:03,2780,2784,TRUCK,0.40,NOT DETECTED,0.00,945,402,1046,489
2026-08-30 19:41:06,2816,2792,CAR,0.34,NOT DETECTED,0.00,1246,534,1280,620
2026-08-30 19:41:13,2922,2865,CAR,0.31,NOT DETECTED,0.00,1080,270,1121,307
2026-08-30 19:41:22,3070,2918,CAR,0.31,NOT DETECTED,0.00,1260,321,1279,395
2026-08-30 19:41:25,3105,2936,CAR,0.31,NOT DETECTED,0.00,1081,269,1120,311
2026-08-30 19:41:26,3116,2940,CAR,0.32,NOT DETECTED,0.00,1110,280,1150,315
